0.50845593,0.3223224,0.23924184,0.41883087

0.4927275,0.3660559,0.22777799,0.41064742

0.47688705,0.41495305,0.23140015,0.4042127

0.46057063,0.4580047,0.24887823,0.3988338

0.43815008,0.48235577,0.26713642,0.38580176

0.4095113,0.4925037,0.290875,0.34541932

0.3831702,0.4976366,0.31154674,0.30055624

0.36354724,0.49485707,0.3185511,0.2688422

0.35574394,0.48398682,0.31216148,0.2588114

0.35887465,0.47491437,0.30243433,0.2567068

0.35796472,0.47426054,0.30001986,0.2551221

0.35256812,0.4805824,0.3126053,0.2536775

0.3479767,0.49142307,0.33748493,0.2543235

0.3493705,0.50193244,0.3574033,0.25932884

0.358556,0.5086627,0.36994934,0.2685873

0.37512487,0.51258713,0.3771151,0.28042352

0.39631817,0.5142841,0.38177943,0.29186267

0.4178115,0.5146454,0.38643256,0.30021736

0.4364585,0.5121404,0.390398,0.30491608

0.4512138,0.50753677,0.39158303,0.3074343

0.46215382,0.49981523,0.391049,0.31018728

0.46935827,0.49326622,0.39617187,0.31452888

0.4723811,0.49170697,0.4126008,0.3183776

0.46768665,0.49483058,0.4374403,0.33916333

0.4739697,0.49646026,0.46201667,0.38727546

0.4945667,0.4924443,0.47465292,0.42764074

0.5198442,0.48870593,0.4801058,0.4374945

0.5499087,0.48833185,0.5056176,0.48224375

0.60786045,0.50128317,0.5020127,0.5775373

0.6725717,0.52721477,0.4711224,0.668547

0.7201933,0.5642839,0.47554222,0.72808737

0.750897,0.607421,0.4966315,0.7676195

0.771903,0.63548195,0.51493514,0.7919713

0.784234,0.64627695,0.5234339,0.8047022

0.7900769,0.6414406,0.5242833,0.80947167

0.78778666,0.63109195,0.52008003,0.80968636

0.78306514,0.6199491,0.52251136,0.806943

0.77831256,0.6079402,0.529252,0.80224854

0.7725588,0.59698004,0.5398001,0.7974167

0.767482,0.5867513,0.5533326,0.7944762

0.7629034,0.576808,0.5663525,0.793497

0.7582743,0.57055616,0.57468164,0.79229814

0.75458753,0.5656614,0.5788192,0.7895301

0.7465022,0.5573187,0.5796337,0.78262687

0.7290313,0.53897244,0.57729185,0.76724106

0.6928978,0.50637156,0.5745297,0.73571

0.62338215,0.46466792,0.57190377,0.67704046

0.5147517,0.42237908,0.5640567,0.57032406

0.3905229,0.3910295,0.55797094,0.43131503

0.29924467,0.37715283,0.55410165,0.31925514

0.25225964,0.37656853,0.5505365,0.26814932

0.23026367,0.3797332,0.54292804,0.2500842

0.21069461,0.3812866,0.5302244,0.23481442

0.20332938,0.38223073,0.51121575,0.22718665

0.23863195,0.37884918,0.48717004,0.24557117

0.23239087,0.36889812,0.47693533,0.23601939

0.22208053,0.35945076,0.4917674,0.22332804

0.21153462,0.35184857,0.52644575,0.21097973

0.20647438,0.34454274,0.5698092,0.20290309

0.20985904,0.33445552,0.6013739,0.20284542

0.22085977,0.32158682,0.6236828,0.21362616

0.24300356,0.3051987,0.6354814,0.23271365

0.2739516,0.29339164,0.6403744,0.25303188

0.31013685,0.3006984,0.6419252,0.27530217

0.34914,0.3429789,0.6430749,0.30027217

0.39349362,0.41387716,0.6414139,0.32758427

0.39349362,0.4914916,0.6361959,0.32758427

0.39349362,0.5627254,0.63902694,0.32758427

0.39349362,0.61951584,0.65258175,0.32758427

0.39349362,0.6616661,0.6639122,0.32758427

0.39349362,0.6889239,0.6695517,0.32758427

0.82593906,0.7022975,0.66671425,0.87116164

0.7961849,0.705048,0.6542993,0.855708

0.7626425,0.7017989,0.6323388,0.8385813

0.73251146,0.6975648,0.60331285,0.8196651

0.70720553,0.69674724,0.5731561,0.8033523

0.6923163,0.6941797,0.5511761,0.7891523

0.68723065,0.6913585,0.54008347,0.7769494

0.6876218,0.68797606,0.54031885,0.76601154

0.68807477,0.68191236,0.5491172,0.75391287

0.6848151,0.6709282,0.56507355,0.74006724

0.6767979,0.6548708,0.5859523,0.72838974

0.6655976,0.6346935,0.6049579,0.7183172

0.5806408,0.61038965,0.6168304,0.63997316

0.5067228,0.586232,0.61598134,0.55398226

0.46441606,0.5587231,0.6078109,0.4918216

0.44762704,0.5408836,0.5920666,0.45905012

0.44325313,0.53766406,0.5767954,0.44388404

0.44220778,0.545207,0.5656364,0.43585876

0.43468285,0.55623007,0.5568867,0.42953792

0.422059,0.5670057,0.5503166,0.42042378

0.400476,0.57961535,0.5506694,0.41232473

0.36752936,0.5856018,0.55993795,0.40736496

0.32266405,0.59691983,0.5740371,0.4061312

0.27907118,0.60896635,0.5863837,0.4125838

0.2470649,0.6203085,0.5973077,0.4219351

0.22698343,0.6311583,0.6048978,0.423643

0.21088551,0.6417688,0.6037332,0.41695032

0.1967453,0.65145344,0.5950223,0.403163

0.1864816,0.66008854,0.5900078,0.38534012

0.18356457,0.668656,0.58672607,0.37056407

0.19135438,0.67419684,0.58912545,0.36486152

0.20814984,0.6791898,0.59377944,0.3700473

0.22965503,0.68200547,0.601416,0.38565266

0.24969086,0.6841027,0.6129894,0.39827013

0.26282123,0.685139,0.6210289,0.40483564

0.26646015,0.6849908,0.62362576,0.40270528

0.26157662,0.6835323,0.61885685,0.38708833

0.25161055,0.679512,0.6025333,0.35841125

0.24104942,0.672149,0.5712557,0.32282174

0.23525816,0.65916973,0.52574563,0.28842682

0.2398538,0.63798803,0.47413704,0.266654

0.25515676,0.60607487,0.42101005,0.261716

0.2796877,0.5623441,0.3641299,0.27194345

0.3167945,0.51638967,0.3113935,0.30333835

0.37396017,0.4841293,0.27739254,0.36283934

0.44322592,0.47464648,0.26813662,0.43588623

0.4958379,0.4830845,0.27496645,0.5016275

0.5283578,0.4946803,0.28085476,0.550327

0.54952496,0.50269437,0.283911,0.57694954

0.5669003,0.5057561,0.29022044,0.5924359

0.5825751,0.51694703,0.3269615,0.6059825

0.5949564,0.5511616,0.41380256,0.61881423

0.60594493,0.6006213,0.51912796,0.6258733

0.61623496,0.64714104,0.6066646,0.6303713

0.62531656,0.681918,0.66742224,0.6332699

0.6308659,0.7016881,0.7060427,0.6327486

0.6343117,0.7090499,0.73134977,0.6304713

0.63422465,0.7103916,0.746756,0.6275305

0.6293612,0.70602274,0.7538747,0.6210703

0.61509,0.69642913,0.7573388,0.6018986

0.5854123,0.6709804,0.75829756,0.56226975

0.53769845,0.6174096,0.75632703,0.49817336

0.47366494,0.5634149,0.75793004,0.41687477

0.39851138,0.53625226,0.7617969,0.33481354

0.34239566,0.53719634,0.7691799,0.27155304

0.30809486,0.5369134,0.7765315,0.24883208

0.29512003,0.5305582,0.7799931,0.26333827

0.29999048,0.5150253,0.77553463,0.3106441

0.32332578,0.49404114,0.76404995,0.3785302

0.356708,0.47692245,0.74649006,0.44144222

0.38736433,0.47463757,0.7260247,0.48783523

0.41036257,0.48673832,0.70125246,0.525368

0.42558748,0.5095856,0.69013935,0.55464315

0.43627658,0.5372134,0.6785901,0.57165027

0.44180784,0.5739002,0.6816668,0.58537793

0.4475676,0.61158526,0.7073164,0.598691

0.4515682,0.65326047,0.7429447,0.6023594

0.46512732,0.68738896,0.7729344,0.6042237

0.49466777,0.7156046,0.7937185,0.61143947

0.5358527,0.7500403,0.80751514,0.63007665

0.5749987,0.77862805,0.8172185,0.65678173

0.5985951,0.80053645,0.82420474,0.6854232
e	
0.6094199,0.81573343,0.8293583,0.7082313

0.6081976,0.82379866,0.83097106,0.723083

0.6027854,0.8260586,0.83167523,0.7312352

0.5986164,0.8249191,0.83260524,0.7355578

0.59853786,0.82329684,0.8344822,0.7377575

0.6004096,0.8203062,0.8352341,0.73753893

0.5999134,0.81753016,0.8359679,0.7354044

0.5980016,0.81661403,0.83697295,0.73253924

0.59488547,0.8149134,0.8344836,0.73089236

0.5907848,0.8175401,0.8313179,0.7279829

0.58242714,0.8195478,0.82768047,0.7285777

0.565667,0.821473,0.82243663,0.7281926

0.5343819,0.8139796,0.806876,0.72201294

0.4803476,0.7943519,0.77144235,0.691075

0.41875762,0.75152117,0.7195026,0.64516175

0.3765442,0.6810186,0.6430907,0.58313894

0.39547905,0.5804848,0.53394306,0.5328839

0.46545187,0.47298858,0.43116206,0.54510874

0.54000705,0.41166425,0.37985462,0.596983

0.59772754,0.40526736,0.3821788,0.64719874

0.63360125,0.4293211,0.4093506,0.6783666

0.6532967,0.45375654,0.43920425,0.69487303

0.6639356,0.47956115,0.47909322,0.70181257

0.6699824,0.4932436,0.51871383,0.7055353

0.67429155,0.49296644,0.5443483,0.7085177

0.6776348,0.4897568,0.55958855,0.71013725

0.6804471,0.48643222,0.5640936,0.7119484

0.683758,0.4827611,0.56387436,0.715093

0.68888044,0.47988898,0.5595877,0.71889335

0.6964849,0.4795278,0.5565701,0.7234625

0.7055686,0.47616905,0.55238914,0.7284876

0.71396184,0.47048798,0.54616725,0.7322866

0.71873647,0.45903185,0.5355186,0.73341465

0.71804965,0.4380901,0.5131848,0.7294014

0.7147061,0.4090266,0.47569102,0.7224949

0.7123197,0.38203952,0.4389773,0.7148354

0.711471,0.37271613,0.41703972,0.7046127

0.7079859,0.38338897,0.412807,0.70241624

0.70546114,0.4023589,0.41289937,0.7017251

0.7040084,0.4166373,0.4103883,0.6984942

0.7036202,0.42628145,0.4051141,0.6952507

0.70173067,0.432505,0.40624833,0.6918354

0.69667196,0.44029453,0.42914224,0.68825084

0.68750215,0.45919052,0.47344124,0.6834303

0.6692413,0.49326065,0.52247304,0.676476

0.63935775,0.52749753,0.55737066,0.66808873

0.6014201,0.5537966,0.5768358,0.6594108

0.56687814,0.57594895,0.5830543,0.64927804

0.5444058,0.60315496,0.5991723,0.6359227

0.5329241,0.6436355,0.63974494,0.629929

0.5257204,0.6986041,0.7000354,0.6233059

0.51221544,0.764621,0.76613533,0.623169

0.49727416,0.8243988,0.82403815,0.6302153

0.48786408,0.86329997,0.86516297,0.6414724

0.48444706,0.8886861,0.8887337,0.6520709

0.48651236,0.9020979,0.9000894,0.6602196

0.49287903,0.9070301,0.90494466,0.6609367

0.5062162,0.907555,0.9056867,0.6556075

0.52449334,0.90374583,0.9037863,0.64336354

0.54231155,0.8934298,0.8993062,0.6253806

0.5561204,0.8827589,0.8938615,0.60946345

0.56596094,0.88106,0.89121884,0.6042181

0.57213527,0.879685,0.89006585,0.6114486

0.5765007,0.8785261,0.88857806,0.6227776

0.5802769,0.8753831,0.8859465,0.63092464

0.5873585,0.86846775,0.8783564,0.63042545

0.59813565,0.8568435,0.86467755,0.62193954

0.61760503,0.84185624,0.8423595,0.61419684

0.6447354,0.8245604,0.8164698,0.60850084

0.67142653,0.8104914,0.795994,0.5990607

0.69479966,0.8050683,0.78673244,0.5927269

0.71117467,0.8031308,0.78736144,0.58500355

0.7194852,0.8029283,0.7921435,0.5791702

0.72019607,0.80166817,0.7959308,0.5755035

0.7139141,0.7991115,0.7977342,0.5685355

0.7029096,0.7951315,0.79712665,0.54989165

0.68937826,0.7940151,0.7992639,0.5125939

0.67566425,0.78637755,0.8003592,0.45613223

0.66827446,0.7746878,0.7951792,0.40159708

0.67180526,0.7610732,0.7879363,0.3870197

0.6763474,0.75065744,0.7865809,0.42379412

0.68100125,0.74147916,0.7918233,0.47871864

0.6785081,0.7226975,0.7943793,0.5215797

0.66751915,0.6873283,0.7888039,0.5453903

0.6458649,0.6246431,0.76131636,0.557207

0.6218395,0.53152925,0.7054237,0.56006145

0.5999926,0.41468945,0.6131279,0.5617068

0.5823083,0.30247998,0.50345576,0.56285924

0.57114834,0.23280407,0.41309887,0.56790596

0.5651885,0.21508582,0.3612015,0.5731725

0.5607531,0.23559876,0.35036668,0.5779769

0.5595094,0.29151258,0.38140288,0.5838451

0.56260747,0.3589967,0.44247815,0.5915392

0.5688133,0.42215177,0.50393456,0.6000256

0.57478654,0.48890993,0.56557506,0.6114232

0.57645357,0.5507616,0.6153314,0.62500817

0.5739677,0.59878165,0.6480262,0.64038384

0.5701716,0.6318269,0.6668135,0.6558721

0.5681515,0.65159124,0.67553455,0.6689455

0.56812567,0.6610107,0.6781254,0.6773475

0.5684775,0.664279,0.67807347,0.68085444

0.5662478,0.6672027,0.6783095,0.6824842

0.56374747,0.6733794,0.6801957,0.68064255

0.5703949,0.68835235,0.68714815,0.6791223

0.58870757,0.7141416,0.7023078,0.6797004

0.61710984,0.7469921,0.72305584,0.680013

0.6504691,0.7808808,0.7459368,0.6802338

0.68440175,0.8110526,0.7681438,0.6806608

0.71440303,0.83665276,0.7906708,0.68344325
e	
0.7374026,0.8604386,0.8155424,0.6873159
e	
0.7551636,0.8826959,0.8418274,0.6882449

0.7637682,0.9012912,0.8647,0.6846748

0.7690024,0.9125764,0.875968,0.6851652
f	
0.77093154,0.9161994,0.8813024,0.7006828
e	
0.7717568,0.91839844,0.8876526,0.7350144

0.7742669,0.92228264,0.897726,0.7747216
e	
0.7782015,0.92662525,0.9093405,0.8015782

0.7820899,0.92924106,0.9195126,0.8120532
f	
0.7835308,0.92986506,0.9250185,0.8088627

0.77333486,0.92687756,0.9257951,0.79690653

0.7572237,0.92133045,0.92344666,0.77970105
f	
0.7390963,0.9144415,0.9187728,0.7707843

0.72366524,0.9077478,0.9140285,0.76965517

0.7075711,0.90098983,0.9084682,0.7700954

0.68933517,0.8949722,0.9030194,0.76904166

0.6684457,0.8894801,0.89729303,0.7660084
e	
0.6500542,0.88510996,0.8920979,0.76213795
e	
0.6411156,0.8818674,0.88768727,0.7575229
e	
0.6538388,0.8795477,0.88359565,0.75572956

0.69189733,0.87573177,0.8785861,0.76002276

0.73977315,0.86851597,0.8683735,0.7697293
f	
0.7808291,0.85608375,0.8523145,0.78077495
e	
0.8071763,0.83797103,0.8286224,0.7905904
e	
0.82125974,0.8138153,0.7960461,0.79758257

0.8279114,0.7889184,0.75704134,0.80232483

0.8305372,0.7642155,0.71654826,0.8062043

0.8322453,0.743499,0.68071526,0.8131563

0.8330202,0.73265994,0.65999323,0.8251499

0.8333791,0.73454386,0.6592286,0.8346704

0.83209085,0.732195,0.6592127,0.83515775

0.83212465,0.72681123,0.65495527,0.8336828

0.82934636,0.7148154,0.64639324,0.82689065

0.8250541,0.7033362,0.6360769,0.8209892

0.81772095,0.69897485,0.62377656,0.81572986

0.8037661,0.69900787,0.6141351,0.8042947

0.77915746,0.7022795,0.61251825,0.78367347

0.7352939,0.7073138,0.61541957,0.7421213

0.6674265,0.71180326,0.6230232,0.6650428

0.5926644,0.7238559,0.65903556,0.5632914

0.591133,0.7623163,0.72254914,0.5065141

0.6761349,0.816863,0.795482,0.5342767

0.7651872,0.8637932,0.85441715,0.59787637

0.82065076,0.89456755,0.8912798,0.64679956

0.85062367,0.9119554,0.91179746,0.6749294

0.8638287,0.9219798,0.9219677,0.68774855
f	
0.8689701,0.92734635,0.92712045,0.69466937

0.872021,0.93092906,0.93026185,0.6996505

0.87558323,0.933762,0.93227935,0.70278233

0.8809066,0.935633,0.9343427,0.71048385
e	
0.88345253,0.9362045,0.9353664,0.71544796

0.88409185,0.93554157,0.9375046,0.71856165
e	
0.8820386,0.9348835,0.9394563,0.7187863
f	
0.8828187,0.93454283,0.9429037,0.71805286
e	
0.8829179,0.9344678,0.9454209,0.7130731
f	
0.879272,0.9335333,0.9456709,0.69903946
f	
0.8665661,0.9318839,0.944042,0.6691734
e	
0.8399116,0.9284534,0.9395994,0.6208335
f	
0.7940602,0.9218085,0.93142325,0.56073964

0.73022115,0.9082251,0.9184956,0.5124875
e	
0.6649003,0.8863084,0.89876646,0.4992345

0.6265899,0.8612644,0.8777534,0.5127923

0.6159225,0.84136593,0.8671315,0.53351265

0.61463326,0.83343846,0.86090904,0.54830223

0.61493903,0.83064294,0.86037266,0.5557596

0.6129935,0.8288418,0.85684526,0.5603393

0.6082655,0.82077885,0.8479979,0.56624585

0.5915047,0.80103165,0.8254144,0.57049143

0.57408893,0.77489096,0.78865504,0.5764663

0.5654152,0.7460708,0.75344664,0.58442765

0.56772476,0.7255165,0.7314025,0.5916666

0.5750075,0.7120242,0.7194822,0.59717643

0.57772434,0.70650226,0.7146093,0.5959203

0.5706225,0.7032282,0.71109813,0.5815836

0.55532396,0.6925749,0.7073235,0.55759573

0.541087,0.6793254,0.70448536,0.52958375

0.5369803,0.66347986,0.7035879,0.51527536

0.53999585,0.6489788,0.7045057,0.52013195

0.5437847,0.63489777,0.7052944,0.5385887

0.5449958,0.62276244,0.70617485,0.5545232

0.54405284,0.61350214,0.70778024,0.5634534

0.542284,0.6089316,0.7100745,0.5630876

0.5366464,0.59632766,0.6811377,0.55217665

0.5266784,0.56888616,0.5833619,0.53071547

0.519423,0.51720464,0.47300515,0.5114422

0.5249494,0.48577502,0.39008126,0.5028738

0.5336343,0.47975197,0.34620196,0.5024094

0.5415635,0.48188087,0.32294455,0.50599635

0.54656553,0.48587948,0.31801373,0.50695723

0.54791075,0.49022886,0.32361922,0.50530505

0.5474814,0.496405,0.34024173,0.5013227

0.54666626,0.50597996,0.36780903,0.4953871
e	
0.5442342,0.51794904,0.39818823,0.48955867

0.5426377,0.5294266,0.42168665,0.4855694

0.5421216,0.5385088,0.43440697,0.4858008

0.54423904,0.54630417,0.43938515,0.49035892
e	
0.54745156,0.5552643,0.4427215,0.4973655

0.55339295,0.56623876,0.44881183,0.50831765

0.56355685,0.57727444,0.45701948,0.528044

0.5808098,0.5869249,0.46419218,0.5634887

0.61227036,0.59976506,0.48253015,0.6192094

0.66109097,0.63296664,0.53752935,0.68411183

0.7028579,0.6729171,0.61763555,0.7382787

0.71578753,0.6987373,0.67692286,0.76372063

0.71534747,0.70529604,0.6922308,0.754132

0.7229389,0.70521975,0.6922787,0.76146644

0.7313985,0.70633733,0.70639044,0.767778

0.73906404,0.7032706,0.7303576,0.7726052

0.7465412,0.6973038,0.7562193,0.7770484

0.75534356,0.6924841,0.7737696,0.7813041

0.763794,0.68561834,0.78422654,0.78617054

0.7734841,0.6715759,0.7900926,0.7915738

0.7823957,0.64998746,0.79250365,0.7981599

0.78778887,0.6217495,0.79383117,0.7994488

0.78586227,0.5947259,0.79575866,0.79318696

0.77313393,0.57446474,0.79711384,0.77619344

0.77313393,0.56166226,0.79683614,0.77619344

0.77313393,0.5515841,0.794884,0.77619344

0.77313393,0.5410808,0.7929002,0.77619344

0.77313393,0.52918696,0.79134184,0.77619344

0.18948287,0.5125988,0.78721887,0.19655174

0.21082433,0.48744777,0.7753553,0.18998715

0.22007385,0.44648302,0.7508958,0.17900175

0.21400273,0.39274928,0.7046315,0.17495164

0.22698705,0.33794796,0.62217146,0.23500289

0.3205181,0.29300424,0.49403048,0.39503184

0.50101376,0.28761986,0.34925717,0.59073645

0.65308726,0.32345262,0.24989149,0.721295

0.7295734,0.39455298,0.23803705,0.78013116

0.7565429,0.4607777,0.29198807,0.7967419

0.7565429,0.5348756,0.3805618,0.78986025

0.7565429,0.622354,0.47863176,0.78986025

0.771392,0.7079092,0.57138985,0.7955016

0.7788839,0.77148974,0.64312637,0.80027395

0.78553724,0.81066644,0.6969541,0.8047983

0.7924897,0.8322502,0.7290888,0.8096515

0.79989743,0.841564,0.74794114,0.8156509

0.8080269,0.842718,0.758215,0.8222795

0.8180491,0.83986014,0.7653199,0.8290406

0.82760084,0.83476627,0.77354187,0.83546525
e	
0.83548254,0.8310117,0.77606916,0.84031034

0.83548254,0.82994807,0.7781892,0.8425284

0.83548254,0.8301993,0.7805612,0.8425284

0.83548254,0.83134955,0.78386784,0.8425284

0.83548254,0.8329118,0.7865072,0.8425284

0.83548254,0.83300996,0.7848619,0.8425284

0.58599305,0.8337918,0.7779626,0.6562239

0.6977031,0.8298693,0.76787925,0.7651824

0.7597791,0.8202824,0.7610435,0.81717443

0.78902936,0.80777615,0.76484674,0.8396931

0.7990172,0.79752505,0.7781462,0.8498223

0.79831284,0.79025936,0.78992504,0.8532912

0.7942788,0.78686035,0.7970402,0.85107046

0.7882985,0.783112,0.7987583,0.84483683

0.779762,0.7790707,0.7949099,0.8375196

0.76913273,0.77902687,0.79190975,0.82886684

0.74574345,0.78245956,0.7876732,0.81992847

0.71996325,0.7840475,0.7829146,0.80411184

0.7056788,0.78223664,0.77679193,0.7880187

0.6988388,0.7780092,0.76974905,0.76604027

0.6946882,0.77137715,0.7602973,0.7494508

0.6819158,0.76464814,0.75157404,0.7377933

0.65664756,0.75355375,0.7402553,0.7188424

0.61162335,0.73076314,0.7190895,0.68330806

0.54132324,0.6876433,0.67501557,0.6204104

0.45173743,0.6161043,0.59319276,0.5260028

0.36782652,0.5139529,0.46249372,0.4198766

0.30587906,0.41541666,0.30818295,0.33275798

0.26232818,0.3694032,0.1976377,0.27664107

0.23089018,0.372294,0.1586533,0.245231

0.21311294,0.39173958,0.15550911,0.2266875

0.20415314,0.40753958,0.16553026,0.21381705

0.20072068,0.42607903,0.1823586,0.20946611

0.20208545,0.44069225,0.20480257,0.20964731

0.21151423,0.4469339,0.23170102,0.21001239

0.2255758,0.4387087,0.2558113,0.20581311

0.23394485,0.42903426,0.2876189,0.19925644

0.226058,0.42845348,0.32457286,0.1943055

0.21198992,0.4323112,0.3563061,0.1834881

0.19957991,0.43489006,0.38278425,0.1703355

0.18997107,0.4348345,0.4062027,0.15619619

0.18644163,0.43340364,0.42743132,0.14431874

0.18921776,0.4317276,0.4450939,0.14008069

0.19490895,0.42966512,0.45848688,0.13900699

0.19988614,0.42532203,0.46744907,0.13891324

0.20279191,0.42022747,0.4731707,0.13920717

0.20448054,0.41639194,0.47642305,0.13947877

0.20540798,0.41421902,0.47814786,0.13865873

0.20561019,0.4123389,0.4753423,0.13684066

0.20459826,0.4119653,0.46869355,0.13531017

0.2011994,0.4101677,0.45651317,0.13148078

0.19697815,0.40114248,0.4499219,0.12553042

0.19096597,0.3831829,0.4714769,0.123893164

0.1869336,0.36557102,0.5108791,0.13306962

0.18682353,0.34756032,0.52769756,0.16325243

0.18281658,0.3264789,0.5075341,0.22867866

0.1666228,0.30151713,0.47532457,0.32447517

0.1418273,0.27346268,0.43613636,0.4220789

0.11246241,0.24476747,0.39624164,0.49797714

0.08675904,0.22688231,0.3619936,0.5420706

0.07396217,0.21307443,0.33894655,0.56657225

0.071134545,0.2007854,0.3231556,0.57872146

0.07355866,0.1833315,0.31000462,0.57696754

0.07738155,0.16153517,0.29953083,0.572472

0.08077033,0.14019747,0.2938142,0.5707603

0.08388323,0.12655205,0.29246634,0.56941706

0.08500438,0.11967993,0.2926787,0.57225

0.08812345,0.11646861,0.28960586,0.572124

0.09202657,0.11397778,0.2807114,0.57020897

0.098304465,0.11217056,0.2595458,0.566019

0.10889686,0.108514115,0.22954129,0.5557002

0.12371566,0.11137708,0.21168922,0.530932

0.14072317,0.12554064,0.22564837,0.483941

0.15583736,0.15845202,0.2681969,0.41207615

0.1649261,0.20837493,0.3219849,0.31363302

0.16764167,0.26679763,0.36801192,0.20792739

0.16528586,0.32172814,0.4010726,0.13456158

0.16146648,0.36673674,0.42454728,0.1037728

0.16204688,0.39897016,0.44093695,0.093816936

0.16859888,0.42118177,0.4528311,0.08932423

0.1793286,0.43571568,0.46066907,0.083988935

0.18821378,0.4397914,0.4681008,0.08210771

0.1901756,0.43520752,0.47537577,0.08032056

0.1891385,0.4307243,0.480531,0.0772769

0.18719105,0.42540866,0.48370734,0.07287988

0.1818232,0.42217866,0.48304844,0.07022869

0.17396823,0.4230621,0.47613952,0.07244887

0.16609067,0.42126217,0.46081617,0.08100354

0.16054444,0.41129655,0.43377432,0.10428095

0.16421232,0.40065533,0.40264052,0.15039212

0.17396134,0.3894894,0.37397122,0.2122727

0.19006996,0.37894523,0.35142362,0.2704711

0.20639972,0.37170565,0.34389785,0.31659445

0.21996945,0.37129575,0.34515658,0.35143438

0.22684626,0.37201074,0.34778038,0.37242216

0.22610778,0.38064244,0.35015008,0.38370058

0.22228865,0.40342405,0.3695457,0.39145964

0.21832864,0.44734463,0.42227927,0.3984221

0.21719778,0.50932056,0.49716508,0.41270208

0.218863,0.57106394,0.5662572,0.43323347

0.22365582,0.617391,0.6163967,0.46151152

0.23061849,0.64634305,0.64857143,0.5025667

0.2387529,0.66439193,0.66411114,0.5173692

0.24318564,0.680369,0.6750428,0.52005965

0.24637778,0.7059041,0.69039434,0.5061814

0.24803038,0.7385217,0.7060291,0.46813384

0.24788111,0.76674443,0.72035825,0.4139475

0.24852902,0.7805292,0.7309371,0.34558794

0.25578374,0.78710616,0.736683,0.2946152

0.27230123,0.7894342,0.74508846,0.26653543

0.28344274,0.78418773,0.74792314,0.25537276

0.2890548,0.77760047,0.7468408,0.25277734

0.29072204,0.7704273,0.7395727,0.25239098

0.28890926,0.7546297,0.72628444,0.25118375

0.28317127,0.7305471,0.7030551,0.24669482

0.2735911,0.70205337,0.67964095,0.23980898

0.26772103,0.67569375,0.6629425,0.23257256

0.26957408,0.6580542,0.6631738,0.22945432

0.2753247,0.6506689,0.67697334,0.23165938

0.28002605,0.65066046,0.6953963,0.23948891

0.2830053,0.6466995,0.71212244,0.2532743

0.28037244,0.6380407,0.7237764,0.26738542

0.28260797,0.62563837,0.7268419,0.28409877

0.32212138,0.6110232,0.7176188,0.3358592

0.4285264,0.6035669,0.70374054,0.48419175

0.5824322,0.60796434,0.68625826,0.67433465

0.71322083,0.6318997,0.67157555,0.801185

0.7962249,0.659,0.6623887,0.8641975

0.843151,0.6808368,0.6578069,0.8944434

0.86800563,0.69607174,0.65573066,0.908557

0.8802932,0.7041359,0.6471096,0.91494435

0.8853899,0.70770854,0.63695914,0.91761047

0.8863622,0.7070958,0.6252399,0.91848487

0.88528836,0.6992283,0.6038207,0.91831714

0.8817918,0.6856249,0.5658374,0.9171396

0.8813028,0.66645294,0.50603527,0.9160999

0.8812392,0.64765996,0.43202254,0.91357297

0.88152534,0.63619685,0.3605359,0.90986705

0.8815431,0.6375344,0.31226832,0.9054091

0.88081086,0.6442967,0.29016852,0.8993438

0.8765809,0.6485032,0.28486982,0.8914251

0.86573994,0.6422913,0.2888932,0.87915844

0.8409594,0.6243153,0.30167565,0.8566764

0.79397106,0.59041476,0.32786268,0.81487674

0.7137556,0.55586445,0.36516118,0.74604917

0.6077926,0.537937,0.40990758,0.656406

0.52121884,0.5437263,0.44756708,0.5862903

0.49308956,0.5578893,0.48041853,0.56236756

0.4949266,0.57298625,0.50629175,0.5572837

0.50152904,0.5770247,0.52911335,0.5593101

0.5061005,0.5714712,0.5488242,0.56158483

0.5088035,0.5635087,0.5662992,0.56441426

0.510892,0.5538494,0.582308,0.5656598

0.50489604,0.5460735,0.59619033,0.56050396

0.4893961,0.5385446,0.6047484,0.54239625

0.45544076,0.532474,0.6070601,0.5085834

0.40069366,0.5309984,0.605183,0.4609679

0.32739305,0.5358946,0.6045936,0.3974479

0.2497058,0.5520674,0.60745007,0.32804856

0.18869522,0.56971467,0.61513317,0.27721196

0.15093403,0.58145493,0.6165881,0.2576473

0.13064367,0.584535,0.6147074,0.2542219

0.11946608,0.5739452,0.6053174,0.23820968

0.11214628,0.5569923,0.5885259,0.22589795

0.10562511,0.5518599,0.5734321,0.21574639

0.105174884,0.5545793,0.56083316,0.20745523

0.11194863,0.5585286,0.55675685,0.20046793

0.121291004,0.5586179,0.55174255,0.19606712

0.12930003,0.55701375,0.5487094,0.19611457

0.13297927,0.5608289,0.55091226,0.19715436

0.1330996,0.5641824,0.556359,0.1993198

0.13441591,0.562494,0.55930525,0.19919859

0.14035782,0.5495634,0.55310357,0.1978375

0.1486838,0.5296723,0.5328055,0.1957947

0.15603875,0.50267756,0.49947155,0.19569556

0.1646686,0.4679449,0.46302977,0.19735421

0.17408387,0.43191278,0.43704683,0.20044999

0.18798988,0.40603212,0.43169278,0.21290183

0.20682135,0.40524152,0.44744644,0.2297065

0.23186016,0.44009686,0.4819864,0.2487532

0.2546237,0.4987026,0.5258601,0.264649

0.26969156,0.5532063,0.57331264,0.2767285

0.275496,0.58966774,0.60147643,0.28112066

0.28054333,0.6185729,0.6120227,0.28353554

0.29783913,0.6402654,0.6078965,0.29675698

0.33379444,0.6522017,0.60387295,0.32860187

0.3835106,0.6598332,0.60966164,0.37034175

0.4277228,0.66471595,0.6242151,0.40780848

0.4468933,0.67498493,0.63745433,0.43235463

0.45783907,0.6911827,0.6445703,0.44209877

0.47005063,0.7128411,0.64682037,0.4454379

0.48381776,0.73795474,0.6438594,0.44835317

0.49403638,0.759581,0.6334802,0.44882277

0.5015762,0.77532184,0.62060916,0.44667888

0.5081392,0.7859228,0.61095613,0.442692

0.515614,0.7918676,0.60915124,0.4377022

0.52644765,0.7959301,0.61770934,0.43953258

0.54492563,0.7989852,0.6379548,0.44201556

0.56843084,0.8029103,0.6611959,0.44582447

0.59042805,0.8067759,0.67901415,0.4454056

0.6040817,0.8116818,0.68789554,0.43739197

0.606134,0.81732583,0.6885471,0.41473588

0.5984012,0.8223635,0.683463,0.38353822

0.5858457,0.831765,0.6748409,0.35457447

0.57556134,0.8362113,0.6664455,0.33683068

0.57328856,0.8265713,0.6613206,0.32146737

0.5817315,0.8044346,0.65763533,0.30642337

0.59065133,0.77749956,0.6547936,0.29814446

0.5916495,0.74643135,0.6540084,0.29607666

0.58681136,0.71598834,0.65547955,0.3053083

0.5837454,0.68812704,0.64359814,0.32882446

0.57940114,0.65954846,0.6215511,0.36668363

0.5814293,0.6245022,0.58254945,0.41889814

0.59371984,0.57823396,0.5266698,0.4808371

0.61677957,0.52152467,0.46075523,0.54125226

0.6430765,0.4559387,0.401263,0.5908553

0.6652571,0.39246804,0.35970768,0.6239963

0.6814914,0.34011874,0.34002188,0.6411956

0.69219774,0.3056786,0.3346545,0.6433231

0.6986729,0.28739107,0.33374158,0.64422446

0.7023408,0.28212655,0.33326906,0.6456348

0.7058432,0.28889182,0.3342834,0.656612

0.710817,0.30316404,0.34145185,0.6822119

0.72738737,0.31509385,0.35897946,0.72384334

0.75459063,0.32508004,0.3876762,0.76701856

0.7895774,0.33109578,0.4307599,0.8061994

0.8183117,0.33158216,0.47325754,0.83539873

0.83699405,0.32223347,0.5124815,0.8538613

0.8460996,0.30889955,0.54333806,0.8626713

0.8488458,0.30190042,0.5653588,0.86465657

0.84664965,0.3068075,0.5853473,0.8627757

0.840001,0.31889802,0.59784615,0.86198324

0.83462775,0.33166358,0.5973953,0.8596263

0.8308751,0.3530012,0.5923203,0.8587204

0.8279065,0.40563685,0.60181755,0.8598673

0.82512945,0.49244112,0.6308623,0.86185837

0.8207661,0.5765509,0.66870064,0.8637229

0.81326675,0.6335782,0.6998382,0.86110556

0.79949844,0.6609728,0.7131082,0.8539826

0.77559286,0.67271614,0.7150842,0.83478963

0.74065775,0.6765287,0.7111656,0.7996359

0.6844888,0.67558783,0.70206606,0.7494991

0.5959856,0.6724697,0.68992114,0.675795

0.48343,0.66919005,0.6791094,0.5816932

0.38580096,0.6655056,0.67242575,0.4925132

0.3320817,0.661883,0.66925955,0.43519455

0.31021383,0.65984994,0.667698,0.4096351

0.29809466,0.6570019,0.6651294,0.4023648

0.292098,0.65093225,0.6597947,0.39768183

0.28931132,0.6418661,0.647798,0.3921441

0.28545985,0.62432176,0.6243866,0.38609973

0.2812738,0.59473884,0.58564436,0.38086396

0.27840614,0.54325217,0.52865666,0.3764357

0.27890518,0.46916613,0.45559433,0.3685746

0.27728957,0.39535812,0.37621376,0.35263672

0.26799023,0.36541587,0.32687524,0.32151327

0.24837917,0.37094277,0.31598127,0.27692896

0.22541125,0.38145432,0.31594878,0.23204124

0.21002702,0.3903271,0.31119826,0.20153336

0.20861633,0.39620736,0.29658878,0.18897194

0.21647637,0.4002028,0.28140867,0.18452333

0.22400706,0.4123941,0.28917837,0.17834166

0.22858238,0.4459406,0.35275057,0.17870592

0.2300297,0.5062852,0.46266726,0.19599466

0.23141727,0.58310515,0.5693346,0.2414085

0.23525083,0.65433747,0.6490469,0.3008444

0.24780253,0.7059494,0.6953131,0.35864252

0.2787447,0.7359354,0.71570575,0.40754253

0.34719142,0.7480171,0.7223501,0.45855677

0.4614064,0.74794525,0.71976787,0.5274968

0.5805562,0.74205595,0.71598655,0.60988265

0.6725354,0.7311424,0.7082019,0.68188554

0.7305006,0.71800596,0.70002204,0.73353875

0.76259726,0.7134644,0.69429684,0.7672699

0.7799798,0.71423167,0.6925882,0.78728884

0.7832102,0.7107668,0.69307506,0.7971263

0.7818582,0.7079084,0.68957955,0.7995777

0.78014106,0.6999108,0.67644733,0.79708296

0.77916396,0.6811123,0.646155,0.79067576

0.77835363,0.64351594,0.5953027,0.7890974

0.77473474,0.58304507,0.5269034,0.78724986

0.770278,0.5045662,0.4519217,0.7841213

0.7670142,0.42822042,0.3886024,0.7784332

0.75954705,0.37551653,0.3418381,0.7682994

0.74386173,0.3498666,0.3049171,0.75101376

0.7147298,0.33700046,0.26583302,0.72864306

0.66391486,0.3256293,0.23491868,0.6870562

0.58424276,0.31754434,0.22384676,0.6126277

0.47381184,0.31413454,0.23215719,0.48995608

0.36191896,0.3141413,0.24985088,0.35559666

0.30157816,0.30442345,0.26301432,0.2777394

0.29270154,0.292955,0.2646878,0.26143175

0.3010941,0.27956328,0.2639048,0.2649609

0.3153781,0.2651272,0.26633576,0.27523318

0.33269057,0.2495683,0.2849519,0.2943028

0.34726834,0.23673026,0.3277078,0.31442505

0.356711,0.23258466,0.38963342,0.33700854

0.36152637,0.2542645,0.4555119,0.35685784

0.3674789,0.30347475,0.5125897,0.37334356

0.37028772,0.36370373,0.5550759,0.3774779

0.36850932,0.4182145,0.5847799,0.3718426

0.35162905,0.45647904,0.6065068,0.3580744

0.32818386,0.47482866,0.6190605,0.33563212

0.30252308,0.48117912,0.6223189,0.3120852

0.2780721,0.47865325,0.6214882,0.28829128

0.25578326,0.4814251,0.6196724,0.27246106

0.2406089,0.48869658,0.62048125,0.2672172

0.2373342,0.49915716,0.62441164,0.28411517

0.25664997,0.51492655,0.62984097,0.3186523

0.29383227,0.533887,0.6327034,0.35760668

0.33295387,0.5506824,0.6226546,0.39105687

0.3713399,0.56017053,0.6006387,0.4262797

0.41173017,0.56172234,0.568739,0.46347246

0.46813974,0.5507792,0.528325,0.51350135

0.5364648,0.5276932,0.48598704,0.57527363

0.6023417,0.49022856,0.45079365,0.6321653

0.65179247,0.454678,0.43110493,0.6804172

0.6854912,0.42739514,0.4291297,0.71380275

0.70544106,0.41443494,0.4389119,0.7334913

0.71630013,0.41261193,0.44984397,0.7433671

0.7224653,0.42161423,0.45633328,0.74711746

0.730762,0.4388213,0.46851656,0.7487038

0.7427254,0.44494194,0.49024054,0.7506811

0.75876766,0.43977985,0.5155165,0.75502634

0.77924484,0.42536202,0.54548734,0.7619425

0.7985398,0.4065881,0.5710925,0.7713523

0.8103879,0.39058882,0.59280497,0.7816954

0.81051826,0.37684277,0.6036594,0.78488594

0.8041592,0.36654222,0.600319,0.77327746

0.792066,0.36115795,0.5885787,0.7523186

0.7736234,0.36671898,0.57119286,0.72436273

0.7547258,0.3911451,0.55955076,0.6951464

0.7350674,0.42671144,0.5515697,0.65825725

0.7187025,0.4644264,0.5475487,0.6205584

0.702152,0.49324974,0.54806685,0.5944719

0.68513453,0.52368796,0.55515885,0.5859626

0.66923815,0.5536944,0.5676551,0.5888197

0.6523281,0.5881329,0.5832729,0.59739447

0.62459004,0.6214745,0.5972024,0.60326046

0.5830651,0.64412624,0.6060462,0.6016792

0.5324037,0.658127,0.6115363,0.5947213

0.48521867,0.66473496,0.61329633,0.5852273

0.45865735,0.66676897,0.61460036,0.57854736

0.45598286,0.66835207,0.6178352,0.5807857

0.46879795,0.67233014,0.62672186,0.59750515

0.48777217,0.6852314,0.6457627,0.62921923

0.50772274,0.7047958,0.6721903,0.6657817

0.52751434,0.7260142,0.70018506,0.6952272

0.5408717,0.74422175,0.7183169,0.70989525
e	
0.54813576,0.7556776,0.72467774,0.7148285

0.5504519,0.76151884,0.72548217,0.7148272

0.5491016,0.76302445,0.72492933,0.7091605

0.54743415,0.76377535,0.7245651,0.70365185

0.54517007,0.7619046,0.722938,0.7011446

0.5376146,0.7598973,0.72020006,0.70258045

0.5211429,0.75357085,0.71335006,0.7031491

0.50714654,0.74265766,0.7049496,0.69630533

0.50033706,0.7344108,0.6951658,0.68353343

0.4870687,0.7266773,0.68296736,0.6691492

0.47098264,0.7152438,0.6633387,0.64296013

0.4449326,0.6913007,0.6278308,0.6032326

0.40583324,0.6497115,0.57367754,0.5370986

0.35053742,0.5832601,0.48794636,0.44420558

0.2944795,0.4961921,0.36492768,0.33410227

0.2572557,0.40756175,0.23099376,0.2451467

0.24176055,0.33808327,0.14620224,0.20034133

0.23931757,0.28932968,0.121980466,0.18879598

0.24413684,0.24725728,0.11999383,0.1959119

0.25712317,0.20777652,0.11827276,0.21932428

0.28436133,0.17944068,0.11771099,0.2622177

0.3269201,0.16402224,0.12190183,0.321926

0.37727258,0.15649201,0.13150853,0.38440514

0.42546716,0.15476693,0.14717197,0.43687463

0.4612732,0.15789738,0.16832373,0.47457108

0.4851448,0.16635129,0.19271322,0.50057876

0.5151717,0.17816934,0.22158733,0.53640354

0.5553448,0.19308856,0.25972396,0.5860945

0.60965097,0.21540219,0.29977167,0.64212066

0.6658059,0.24463533,0.3328276,0.69199365

0.7016099,0.27557173,0.34745014,0.7319892

0.7284047,0.30241618,0.3469987,0.761055

0.7443029,0.32065982,0.34587172,0.7787488

0.75331616,0.33286706,0.3455276,0.7879154

0.7570272,0.34078833,0.34668857,0.7913354

0.75705886,0.34481218,0.34650326,0.7901842

0.752771,0.3453358,0.34807992,0.79005337

0.7448043,0.34330344,0.3499109,0.789177

0.73725605,0.3406508,0.3488306,0.7887277

0.7353935,0.33909938,0.34389722,0.79142916

0.7368823,0.33806014,0.3353642,0.7955252

0.74306357,0.3364003,0.3241996,0.7943649

0.742857,0.3262827,0.30996856,0.7885982

0.73096514,0.3053089,0.2946016,0.78055084

0.69893485,0.27268836,0.28432727,0.76310986

0.6507881,0.23673576,0.2750266,0.7289468

0.59469587,0.21067125,0.2673778,0.6793679

0.553807,0.1918048,0.2691117,0.6329752

0.54548496,0.17109735,0.2905731,0.61063504

0.5916687,0.15647416,0.35817042,0.64287513

0.6016939,0.15279254,0.46655083,0.6521697

0.612775,0.16960824,0.5836878,0.6617183

0.6210165,0.21070795,0.66981274,0.6682013

0.6239612,0.26062006,0.72015613,0.6698701

0.6192854,0.30655685,0.75289214,0.6643224

0.60670924,0.3412512,0.77099395,0.6510969

0.58993745,0.36403057,0.7785109,0.6342117

0.5779418,0.37769964,0.7804436,0.6234787

0.58312976,0.38638663,0.78006035,0.6334468

0.61219305,0.39303654,0.7791368,0.65875024

0.6606278,0.39864558,0.7802637,0.69367254

0.6606278,0.40348953,0.7826993,0.6927189

