Alpha - Location 1,Alpha - Location 2,Alpha - Location 3,Alpha - Location 4,Beta - Location 1,Beta - Location 2,Beta - Location 3,Beta - Location 4,Delta - Location 1,Delta - Location 2,Delta - Location 3,Delta - Location 4,Gamma - Location 1,Gamma - Location 2,Gamma - Location 3,Gamma - Location 4,Theta - Location 1,Theta - Location 2,Theta - Location 3,Theta - Location 4
0.28710932,0.084363945,0.1027794,0.18515624,0.21138464,0.24240927,0.14917585,0.13047996,0.2268472,0.4349755,0.3281381,0.49397492,0.17550997,0.1750301,0.2554818,0.061048094,0.09914887,0.06322119,0.16442482,0.12934078
0.29118112,0.084363945,0.1027794,0.17007202,0.24549976,0.24240927,0.14917585,0.16110316,0.18214779,0.4349755,0.3281381,0.4710216,0.19590265,0.1750301,0.2554818,0.0689347,0.08526869,0.06322119,0.16442482,0.12886855
0.30469835,0.084363945,0.1027794,0.1722738,0.27024034,0.24240927,0.14917585,0.18597972,0.14560568,0.4349755,0.3281381,0.4390423,0.2042734,0.1750301,0.2554818,0.07281563,0.07518222,0.06322119,0.16442482,0.12988855
0.31269756,0.084363945,0.1027794,0.16787645,0.28856328,0.24240927,0.14917585,0.2069702,0.122906454,0.4349755,0.3281381,0.41581026,0.20687297,0.1750301,0.2554818,0.07482342,0.068959735,0.06322119,0.16442482,0.1345197
0.31468463,0.084363945,0.1027794,0.17060952,0.30235732,0.24240927,0.14917585,0.22139128,0.11119587,0.4349755,0.3281381,0.3926777,0.20810434,0.1750301,0.2554818,0.075502105,0.063657835,0.06322119,0.16442482,0.13981941
0.31541145,0.084363945,0.1027794,0.17906943,0.3135088,0.24240927,0.14917585,0.2325003,0.10317426,0.4349755,0.3281381,0.36569515,0.21015789,0.1750301,0.2554818,0.07738825,0.05774761,0.06322119,0.16442482,0.14534685
0.30596074,0.084363945,0.1027794,0.19333723,0.32708007,0.24240927,0.14917585,0.24068327,0.09862539,0.4349755,0.3281381,0.33712888,0.21509185,0.1750301,0.2554818,0.08088006,0.05324192,0.06322119,0.16442482,0.14797056
0.2974467,0.084363945,0.1027794,0.20573373,0.33487943,0.24240927,0.14917585,0.2454016,0.09885182,0.4349755,0.3281381,0.31660852,0.21664087,0.1750301,0.2554818,0.084555686,0.05218116,0.06322119,0.16442482,0.14770046
0.27417824,0.084363945,0.1027794,0.20997635,0.34159404,0.24240927,0.14917585,0.24521518,0.10909403,0.4349755,0.3281381,0.31493464,0.21832918,0.1750301,0.2554818,0.08591352,0.056804527,0.06322119,0.16442482,0.14396033
0.23687316,0.084363945,0.1027794,0.20740719,0.34705436,0.24240927,0.14917585,0.23984939,0.12810688,0.4349755,0.3281381,0.32967687,0.22209182,0.1750301,0.2554818,0.084299974,0.06587378,0.06322119,0.16442482,0.13876657
0.21063012,0.084363945,0.1027794,0.20226854,0.34446475,0.24240927,0.14917585,0.23288792,0.14493433,0.4349755,0.3281381,0.34845757,0.22503622,0.1750301,0.2554818,0.0824343,0.07493459,0.06322119,0.16442482,0.13395166
0.19423422,0.084363945,0.1027794,0.19479173,0.33916408,0.24240927,0.14917585,0.22724259,0.15403295,0.4349755,0.3281381,0.36352378,0.23018317,0.1750301,0.2554818,0.08278855,0.08238558,0.06322119,0.16442482,0.13165334
0.18494147,0.084363945,0.1027794,0.16744988,0.33298406,0.24240927,0.14917585,0.22733763,0.15537089,0.4349755,0.3281381,0.38206452,0.237654,0.1750301,0.2554818,0.08721217,0.0890496,0.06322119,0.16442482,0.1359358
0.17293616,0.084363945,0.1027794,0.17257781,0.32777345,0.24240927,0.14917585,0.21673061,0.1548675,0.4349755,0.3281381,0.3856958,0.24783151,0.1750301,0.2554818,0.0881481,0.09659139,0.06322119,0.16442482,0.13684769
0.1708626,0.084363945,0.1027794,0.18471491,0.31588718,0.24240927,0.14917585,0.20221746,0.15443546,0.4349755,0.3281381,0.39015144,0.25504214,0.1750301,0.2554818,0.086374864,0.10377261,0.06322119,0.16442482,0.13654129
0.16946158,0.084363945,0.1027794,0.18089062,0.3006826,0.24240927,0.14917585,0.19111155,0.15818748,0.4349755,0.3281381,0.40625668,0.26125407,0.1750301,0.2554818,0.08454714,0.11041425,0.06322119,0.16442482,0.13719402
0.16919155,0.084363945,0.1027794,0.17120005,0.28317237,0.24240927,0.14917585,0.1823685,0.16592425,0.4349755,0.3281381,0.42692915,0.26609,0.1750301,0.2554818,0.082840994,0.11562183,0.06322119,0.16442482,0.1366613
0.17012681,0.084363945,0.1027794,0.16638355,0.2650619,0.24240927,0.14917585,0.17447244,0.17569263,0.4349755,0.3281381,0.44419223,0.26992083,0.1750301,0.2554818,0.08103898,0.11919787,0.06322119,0.16442482,0.13391279
0.17182039,0.084363945,0.1027794,0.16513987,0.24765661,0.24240927,0.14917585,0.16771458,0.18554072,0.4349755,0.3281381,0.4581954,0.27365205,0.1750301,0.2554818,0.07937337,0.12133023,0.06322119,0.16442482,0.1295768
0.17054325,0.084363945,0.1027794,0.16559267,0.23340166,0.24240927,0.14917585,0.1616938,0.19444403,0.4349755,0.3281381,0.47038677,0.27856988,0.1750301,0.2554818,0.077565044,0.12304119,0.06322119,0.16442482,0.12476171
0.16807583,0.084363945,0.1027794,0.16666499,0.22328094,0.24240927,0.14917585,0.15617543,0.20053634,0.4349755,0.3281381,0.48114952,0.28380907,0.1750301,0.2554818,0.075349934,0.12429781,0.06322119,0.16442482,0.12066012
0.16701338,0.084363945,0.1027794,0.1683613,0.21862777,0.24240927,0.14917585,0.15127489,0.20068192,0.4349755,0.3281381,0.48833936,0.28879806,0.1750301,0.2554818,0.0729339,0.12487888,0.06322119,0.16442482,0.119090535
0.16550663,0.084363945,0.1027794,0.17125373,0.22133516,0.24240927,0.14917585,0.1475235,0.1932617,0.4349755,0.3281381,0.4891374,0.2955409,0.1750301,0.2554818,0.07105024,0.12435561,0.06322119,0.16442482,0.12103514
0.15137658,0.084363945,0.1027794,0.17538896,0.2343375,0.24240927,0.14917585,0.14556201,0.18006328,0.4349755,0.3281381,0.48119035,0.30928823,0.1750301,0.2554818,0.07029985,0.12493443,0.06322119,0.16442482,0.12755883
0.1520379,0.084363945,0.1027794,0.18508963,0.24740034,0.24240927,0.14917585,0.14490788,0.15801401,0.4349755,0.3281381,0.46310985,0.31801668,0.1750301,0.2554818,0.07015523,0.124531046,0.06322119,0.16442482,0.13673739
0.16670637,0.084363945,0.1027794,0.20497766,0.25550187,0.24240927,0.14917585,0.14399745,0.13516293,0.4349755,0.3281381,0.43646365,0.3170993,0.1750301,0.2554818,0.06901883,0.12552956,0.06322119,0.16442482,0.1455424
0.1849066,0.084363945,0.1027794,0.22229858,0.2589678,0.24240927,0.14917585,0.14384082,0.1194021,0.4349755,0.3281381,0.41390955,0.30747744,0.1750301,0.2554818,0.06717774,0.12924606,0.06322119,0.16442482,0.1527733
0.20940267,0.084363945,0.1027794,0.23153892,0.2573979,0.24240927,0.14917585,0.14464606,0.11117073,0.4349755,0.3281381,0.40081355,0.290122,0.1750301,0.2554818,0.06535058,0.13190669,0.06322119,0.16442482,0.1576509
0.22328138,0.084363945,0.1027794,0.24437585,0.25985485,0.24240927,0.14917585,0.1449321,0.108191885,0.4349755,0.3281381,0.38732797,0.27486086,0.1750301,0.2554818,0.06372658,0.13381103,0.06322119,0.16442482,0.15963748
0.22632724,0.084363945,0.1027794,0.2588609,0.26929626,0.24240927,0.14917585,0.14648503,0.106437854,0.4349755,0.3281381,0.3683453,0.26325902,0.1750301,0.2554818,0.06401506,0.13467963,0.06322119,0.16442482,0.16229372
0.23799369,0.084363945,0.1027794,0.2751185,0.27871874,0.24240927,0.14917585,0.15004176,0.10202837,0.4349755,0.3281381,0.33894342,0.24756089,0.1750301,0.2554818,0.067221515,0.13369831,0.06322119,0.16442482,0.16867481
0.2461851,0.084363945,0.1027794,0.28866312,0.28867972,0.24240927,0.14917585,0.15444449,0.09853407,0.4349755,0.3281381,0.30323654,0.23180585,0.1750301,0.2554818,0.073126376,0.13479528,0.06322119,0.16442482,0.18052946
0.24024554,0.084363945,0.1027794,0.28964862,0.29903916,0.24240927,0.14917585,0.15741438,0.10118994,0.4349755,0.3281381,0.27618647,0.21956904,0.1750301,0.2554818,0.0801532,0.13995633,0.06322119,0.16442482,0.19659734
0.22949605,0.084363945,0.1027794,0.2877459,0.30440474,0.24240927,0.14917585,0.15440308,0.111075856,0.4349755,0.3281381,0.26365098,0.20901513,0.1750301,0.2554818,0.084820285,0.14600822,0.06322119,0.16442482,0.20937978
0.21930128,0.084363945,0.1027794,0.27444476,0.30348632,0.24240927,0.14917585,0.14897782,0.12772614,0.4349755,0.3281381,0.2692189,0.19942264,0.1750301,0.2554818,0.08768776,0.15006362,0.06322119,0.16442482,0.21967079
0.21023007,0.084363945,0.1027794,0.25933525,0.299469,0.24240927,0.14917585,0.14291151,0.14745975,0.4349755,0.3281381,0.28370693,0.19132827,0.1750301,0.2554818,0.088665046,0.15151292,0.06322119,0.16442482,0.22538128
0.20237744,0.084363945,0.1027794,0.24599221,0.2959933,0.24240927,0.14917585,0.13912201,0.16572587,0.4349755,0.3281381,0.29842928,0.18486074,0.1750301,0.2554818,0.08852846,0.15104266,0.06322119,0.16442482,0.22792804
0.21162368,0.084363945,0.1027794,0.23588288,0.2892005,0.24240927,0.14917585,0.13851555,0.17584722,0.4349755,0.3281381,0.30907038,0.17598799,0.1750301,0.2554818,0.08766869,0.1473406,0.06322119,0.16442482,0.22886252
0.24869046,0.084363945,0.1027794,0.22871813,0.2749126,0.24240927,0.14917585,0.14083485,0.17451565,0.4349755,0.3281381,0.31413838,0.1624481,0.1750301,0.2554818,0.08665285,0.13943319,0.06322119,0.16442482,0.22965577
0.2620142,0.084363945,0.1027794,0.22425893,0.27096117,0.24240927,0.14917585,0.14464109,0.17518386,0.4349755,0.3281381,0.3146784,0.15552728,0.1750301,0.2554818,0.086059876,0.13631347,0.06322119,0.16442482,0.23036171
0.26734087,0.084363945,0.1027794,0.22116794,0.27098036,0.24240927,0.14917585,0.14847757,0.17657731,0.4349755,0.3281381,0.31374854,0.1515033,0.1750301,0.2554818,0.08644082,0.13359815,0.06322119,0.16442482,0.23016514
0.27262482,0.084363945,0.1027794,0.21147846,0.2717685,0.24240927,0.14917585,0.15284808,0.17773944,0.4349755,0.3281381,0.31635535,0.14849666,0.1750301,0.2554818,0.08838514,0.12937056,0.06322119,0.16442482,0.23093297
0.27664438,0.084363945,0.1027794,0.18053089,0.2739812,0.24240927,0.14917585,0.16035534,0.17894073,0.4349755,0.3281381,0.3294849,0.14635403,0.1750301,0.2554818,0.09304642,0.12407965,0.06322119,0.16442482,0.23658243
0.2820896,0.084363945,0.1027794,0.15847515,0.27562523,0.24240927,0.14917585,0.16519105,0.17955706,0.4349755,0.3281381,0.34055793,0.14392185,0.1750301,0.2554818,0.09600751,0.11880629,0.06322119,0.16442482,0.23976837
0.28958443,0.084363945,0.1027794,0.1506146,0.27528736,0.24240927,0.14917585,0.1665692,0.17997755,0.4349755,0.3281381,0.34701383,0.1410436,0.1750301,0.2554818,0.09578996,0.11410706,0.06322119,0.16442482,0.24001242
0.28941172,0.084363945,0.1027794,0.14266352,0.2739384,0.24240927,0.14917585,0.16725945,0.18641265,0.4349755,0.3281381,0.35645765,0.13905597,0.1750301,0.2554818,0.09340332,0.111181274,0.06322119,0.16442482,0.24021603
0.29173884,0.084363945,0.1027794,0.13916293,0.27098882,0.24240927,0.14917585,0.16670652,0.19189034,0.4349755,0.3281381,0.36639905,0.137667,0.1750301,0.2554818,0.089000925,0.10771502,0.06322119,0.16442482,0.23873058
0.29311982,0.084363945,0.1027794,0.13699274,0.2705483,0.24240927,0.14917585,0.16692375,0.19501007,0.4349755,0.3281381,0.3760828,0.13731462,0.1750301,0.2554818,0.083950944,0.1040072,0.06322119,0.16442482,0.23604976
0.29423174,0.084363945,0.1027794,0.1366773,0.27560294,0.24240927,0.14917585,0.16987278,0.19232418,0.4349755,0.3281381,0.38121653,0.13704604,0.1750301,0.2554818,0.07918778,0.10079511,0.06322119,0.16442482,0.23304564
0.29869226,0.084363945,0.1027794,0.14165379,0.28651682,0.24240927,0.14917585,0.17686015,0.1797157,0.4349755,0.3281381,0.37579054,0.13609292,0.1750301,0.2554818,0.07532512,0.09898231,0.06322119,0.16442482,0.2303704
0.30946317,0.084363945,0.1027794,0.14878578,0.2997639,0.24240927,0.14917585,0.18820061,0.1569823,0.4349755,0.3281381,0.35850653,0.13443556,0.1750301,0.2554818,0.073197074,0.09935506,0.06322119,0.16442482,0.23131
0.32456675,0.084363945,0.1027794,0.15555272,0.31080413,0.24240927,0.14917585,0.20076135,0.12880944,0.4349755,0.3281381,0.33474365,0.13388632,0.1750301,0.2554818,0.07305903,0.10193338,0.06322119,0.16442482,0.23588325
0.34038472,0.084363945,0.1027794,0.1519358,0.31646454,0.24240927,0.14917585,0.21239437,0.1010025,0.4349755,0.3281381,0.31552836,0.13646957,0.1750301,0.2554818,0.075672776,0.10567869,0.06322119,0.16442482,0.2444687
0.35874078,0.084363945,0.1027794,0.14628805,0.31470403,0.24240927,0.14917585,0.21746965,0.07740933,0.4349755,0.3281381,0.30788943,0.1416186,0.1750301,0.2554818,0.07951181,0.107527256,0.06322119,0.16442482,0.24884106
0.3469406,0.084363945,0.1027794,0.14016105,0.32323357,0.24240927,0.14917585,0.21514711,0.06363759,0.4349755,0.3281381,0.314805,0.15500385,0.1750301,0.2554818,0.08359768,0.111184366,0.06322119,0.16442482,0.24628913
0.3005659,0.084363945,0.1027794,0.12827505,0.34595168,0.24240927,0.14917585,0.20864321,0.05920856,0.4349755,0.3281381,0.3330951,0.17628133,0.1750301,0.2554818,0.087780416,0.11799252,0.06322119,0.16442482,0.2422062
0.3005659,0.084363945,0.1027794,0.12827505,0.34595168,0.24240927,0.14917585,0.20864321,0.05920856,0.4349755,0.3281381,0.3330951,0.17628133,0.1750301,0.2554818,0.087780416,0.11799252,0.06322119,0.16442482,0.2422062
0.3005659,0.084363945,0.1027794,0.12827505,0.34595168,0.24240927,0.14917585,0.20864321,0.05920856,0.4349755,0.3281381,0.3330951,0.17628133,0.1750301,0.2554818,0.087780416,0.11799252,0.06322119,0.16442482,0.2422062
0.3005659,0.084363945,0.1027794,0.12827505,0.34595168,0.24240927,0.14917585,0.20864321,0.05920856,0.4349755,0.3281381,0.3330951,0.17628133,0.1750301,0.2554818,0.087780416,0.11799252,0.06322119,0.16442482,0.2422062
0.3005659,0.084363945,0.1027794,0.12827505,0.34595168,0.24240927,0.14917585,0.20864321,0.05920856,0.4349755,0.3281381,0.3330951,0.17628133,0.1750301,0.2554818,0.087780416,0.11799252,0.06322119,0.16442482,0.2422062
0.3005659,0.084363945,0.1027794,0.12827505,0.34595168,0.24240927,0.14917585,0.20864321,0.05920856,0.4349755,0.3281381,0.3330951,0.17628133,0.1750301,0.2554818,0.087780416,0.11799252,0.06322119,0.16442482,0.2422062
0.3005659,0.084363945,0.1027794,0.12827505,0.34595168,0.24240927,0.14917585,0.20864321,0.05920856,0.4349755,0.3281381,0.3330951,0.17628133,0.1750301,0.2554818,0.087780416,0.11799252,0.06322119,0.16442482,0.2422062
0.3005659,0.084363945,0.1027794,0.12827505,0.34595168,0.24240927,0.14917585,0.20864321,0.05920856,0.4349755,0.3281381,0.3330951,0.17628133,0.1750301,0.2554818,0.087780416,0.11799252,0.06322119,0.16442482,0.2422062
0.3005659,0.084363945,0.1027794,0.12827505,0.34595168,0.24240927,0.14917585,0.20864321,0.05920856,0.4349755,0.3281381,0.3330951,0.17628133,0.1750301,0.2554818,0.087780416,0.11799252,0.06322119,0.16442482,0.2422062
0.3005659,0.084363945,0.1027794,0.12827505,0.34595168,0.24240927,0.14917585,0.20864321,0.05920856,0.4349755,0.3281381,0.3330951,0.17628133,0.1750301,0.2554818,0.087780416,0.11799252,0.06322119,0.16442482,0.2422062
0.3005659,0.084363945,0.1027794,0.12827505,0.34595168,0.24240927,0.14917585,0.20864321,0.05920856,0.4349755,0.3281381,0.3330951,0.17628133,0.1750301,0.2554818,0.087780416,0.11799252,0.06322119,0.16442482,0.2422062
0.3005659,0.084363945,0.1027794,0.12827505,0.34595168,0.24240927,0.14917585,0.20864321,0.05920856,0.4349755,0.3281381,0.3330951,0.17628133,0.1750301,0.2554818,0.087780416,0.11799252,0.06322119,0.16442482,0.2422062
0.3005659,0.084363945,0.1027794,0.12827505,0.34595168,0.24240927,0.14917585,0.20864321,0.05920856,0.4349755,0.3281381,0.3330951,0.17628133,0.1750301,0.2554818,0.087780416,0.11799252,0.06322119,0.16442482,0.2422062
0.1370016,0.084363945,0.1027794,0.16343905,0.35623342,0.24240927,0.14917585,0.15186287,0.10950174,0.4349755,0.3281381,0.26414567,0.24073473,0.1750301,0.2554818,0.107056245,0.15652852,0.06322119,0.16442482,0.31349617
0.14247791,0.084363945,0.1027794,0.17433044,0.34401208,0.24240927,0.14917585,0.15373188,0.118171185,0.4349755,0.3281381,0.26098922,0.24711035,0.1750301,0.2554818,0.11295711,0.14822848,0.06322119,0.16442482,0.29799134
0.14247791,0.084363945,0.1027794,0.21272646,0.34401208,0.24240927,0.14917585,0.15117319,0.118171185,0.4349755,0.3281381,0.23950873,0.24711035,0.1750301,0.2554818,0.1127595,0.14822848,0.06322119,0.16442482,0.28383213
0.14247791,0.084363945,0.1027794,0.21272646,0.34401208,0.24240927,0.14917585,0.15117319,0.118171185,0.4349755,0.3281381,0.23950873,0.24711035,0.1750301,0.2554818,0.1127595,0.14822848,0.06322119,0.16442482,0.28383213
0.14247791,0.084363945,0.1027794,0.21272646,0.34401208,0.24240927,0.14917585,0.15117319,0.118171185,0.4349755,0.3281381,0.23950873,0.24711035,0.1750301,0.2554818,0.1127595,0.14822848,0.06322119,0.16442482,0.28383213
0.14247791,0.084363945,0.1027794,0.21272646,0.34401208,0.24240927,0.14917585,0.15117319,0.118171185,0.4349755,0.3281381,0.23950873,0.24711035,0.1750301,0.2554818,0.1127595,0.14822848,0.06322119,0.16442482,0.28383213
0.14247791,0.084363945,0.1027794,0.21272646,0.34401208,0.24240927,0.14917585,0.15117319,0.118171185,0.4349755,0.3281381,0.23950873,0.24711035,0.1750301,0.2554818,0.1127595,0.14822848,0.06322119,0.16442482,0.28383213
0.14247791,0.084363945,0.1027794,0.21272646,0.34401208,0.24240927,0.14917585,0.15117319,0.118171185,0.4349755,0.3281381,0.23950873,0.24711035,0.1750301,0.2554818,0.1127595,0.14822848,0.06322119,0.16442482,0.28383213
0.14247791,0.084363945,0.1027794,0.21272646,0.34401208,0.24240927,0.14917585,0.15117319,0.118171185,0.4349755,0.3281381,0.23950873,0.24711035,0.1750301,0.2554818,0.1127595,0.14822848,0.06322119,0.16442482,0.28383213
0.14247791,0.084363945,0.1027794,0.21272646,0.34401208,0.24240927,0.14917585,0.15117319,0.118171185,0.4349755,0.3281381,0.23950873,0.24711035,0.1750301,0.2554818,0.1127595,0.14822848,0.06322119,0.16442482,0.28383213
0.14247791,0.084363945,0.1027794,0.21272646,0.34401208,0.24240927,0.14917585,0.15117319,0.118171185,0.4349755,0.3281381,0.23950873,0.24711035,0.1750301,0.2554818,0.1127595,0.14822848,0.06322119,0.16442482,0.28383213
0.14247791,0.084363945,0.1027794,0.21272646,0.34401208,0.24240927,0.14917585,0.15117319,0.118171185,0.4349755,0.3281381,0.23950873,0.24711035,0.1750301,0.2554818,0.1127595,0.14822848,0.06322119,0.16442482,0.28383213
0.13991667,0.084363945,0.1027794,0.2126689,0.3409961,0.24240927,0.14917585,0.14883678,0.12129896,0.4349755,0.3281381,0.24710083,0.25355047,0.1750301,0.2554818,0.11501813,0.1442378,0.06322119,0.16442482,0.27637538
0.13991667,0.084363945,0.1027794,0.22003387,0.3409961,0.24240927,0.14917585,0.15132444,0.12129896,0.4349755,0.3281381,0.24318875,0.25355047,0.1750301,0.2554818,0.12170955,0.1442378,0.06322119,0.16442482,0.26374337
0.13991667,0.084363945,0.1027794,0.22003387,0.3409961,0.24240927,0.14917585,0.15132444,0.12129896,0.4349755,0.3281381,0.24318875,0.25355047,0.1750301,0.2554818,0.12170955,0.1442378,0.06322119,0.16442482,0.26374337
0.13991667,0.084363945,0.1027794,0.22003387,0.3409961,0.24240927,0.14917585,0.15132444,0.12129896,0.4349755,0.3281381,0.24318875,0.25355047,0.1750301,0.2554818,0.12170955,0.1442378,0.06322119,0.16442482,0.26374337
0.13991667,0.084363945,0.1027794,0.22003387,0.3409961,0.24240927,0.14917585,0.15132444,0.12129896,0.4349755,0.3281381,0.24318875,0.25355047,0.1750301,0.2554818,0.12170955,0.1442378,0.06322119,0.16442482,0.26374337
0.13991667,0.084363945,0.1027794,0.22003387,0.3409961,0.24240927,0.14917585,0.15132444,0.12129896,0.4349755,0.3281381,0.24318875,0.25355047,0.1750301,0.2554818,0.12170955,0.1442378,0.06322119,0.16442482,0.26374337
0.13991667,0.084363945,0.1027794,0.22003387,0.3409961,0.24240927,0.14917585,0.15132444,0.12129896,0.4349755,0.3281381,0.24318875,0.25355047,0.1750301,0.2554818,0.12170955,0.1442378,0.06322119,0.16442482,0.26374337
0.13991667,0.084363945,0.1027794,0.22003387,0.3409961,0.24240927,0.14917585,0.15132444,0.12129896,0.4349755,0.3281381,0.24318875,0.25355047,0.1750301,0.2554818,0.12170955,0.1442378,0.06322119,0.16442482,0.26374337
0.13991667,0.084363945,0.1027794,0.22003387,0.3409961,0.24240927,0.14917585,0.15132444,0.12129896,0.4349755,0.3281381,0.24318875,0.25355047,0.1750301,0.2554818,0.12170955,0.1442378,0.06322119,0.16442482,0.26374337
0.13991667,0.084363945,0.1027794,0.22003387,0.3409961,0.24240927,0.14917585,0.15132444,0.12129896,0.4349755,0.3281381,0.24318875,0.25355047,0.1750301,0.2554818,0.12170955,0.1442378,0.06322119,0.16442482,0.26374337
0.13991667,0.084363945,0.1027794,0.22003387,0.3409961,0.24240927,0.14917585,0.15132444,0.12129896,0.4349755,0.3281381,0.24318875,0.25355047,0.1750301,0.2554818,0.12170955,0.1442378,0.06322119,0.16442482,0.26374337
0.13991667,0.084363945,0.1027794,0.22003387,0.3409961,0.24240927,0.14917585,0.15132444,0.12129896,0.4349755,0.3281381,0.24318875,0.25355047,0.1750301,0.2554818,0.12170955,0.1442378,0.06322119,0.16442482,0.26374337
0.13991667,0.084363945,0.1027794,0.22003387,0.3409961,0.24240927,0.14917585,0.15132444,0.12129896,0.4349755,0.3281381,0.24318875,0.25355047,0.1750301,0.2554818,0.12170955,0.1442378,0.06322119,0.16442482,0.26374337
0.13991667,0.084363945,0.1027794,0.22003387,0.3409961,0.24240927,0.14917585,0.15132444,0.12129896,0.4349755,0.3281381,0.24318875,0.25355047,0.1750301,0.2554818,0.12170955,0.1442378,0.06322119,0.16442482,0.26374337
0.13991667,0.084363945,0.1027794,0.22003387,0.3409961,0.24240927,0.14917585,0.15132444,0.12129896,0.4349755,0.3281381,0.24318875,0.25355047,0.1750301,0.2554818,0.12170955,0.1442378,0.06322119,0.16442482,0.26374337
0.13991667,0.084363945,0.1027794,0.22003387,0.3409961,0.24240927,0.14917585,0.15132444,0.12129896,0.4349755,0.3281381,0.24318875,0.25355047,0.1750301,0.2554818,0.12170955,0.1442378,0.06322119,0.16442482,0.26374337
0.13991667,0.084363945,0.1027794,0.22003387,0.3409961,0.24240927,0.14917585,0.15132444,0.12129896,0.4349755,0.3281381,0.24318875,0.25355047,0.1750301,0.2554818,0.12170955,0.1442378,0.06322119,0.16442482,0.26374337
0.13991667,0.084363945,0.1027794,0.22003387,0.3409961,0.24240927,0.14917585,0.15132444,0.12129896,0.4349755,0.3281381,0.24318875,0.25355047,0.1750301,0.2554818,0.12170955,0.1442378,0.06322119,0.16442482,0.26374337
0.13991667,0.084363945,0.1027794,0.22003387,0.3409961,0.24240927,0.14917585,0.15132444,0.12129896,0.4349755,0.3281381,0.24318875,0.25355047,0.1750301,0.2554818,0.12170955,0.1442378,0.06322119,0.16442482,0.26374337
0.13991667,0.084363945,0.1027794,0.16422924,0.3409961,0.24240927,0.14917585,0.33627486,0.12129896,0.4349755,0.3281381,0.12591751,0.25355047,0.1750301,0.2554818,0.1862874,0.1442378,0.06322119,0.16442482,0.187291
0.14901657,0.084363945,0.1027794,0.1815023,0.42317155,0.24240927,0.14917585,0.32913974,0.038379088,0.4349755,0.3281381,0.12918036,0.33270025,0.1750301,0.2554818,0.19230893,0.056732543,0.06322119,0.16442482,0.16786867
0.14593059,0.084363945,0.1027794,0.19407015,0.43297386,0.24240927,0.14917585,0.31817895,0.042183317,0.4349755,0.3281381,0.13497199,0.32434207,0.1750301,0.2554818,0.20337076,0.054570157,0.06322119,0.16442482,0.14940815
0.14342818,0.084363945,0.1027794,0.20243156,0.4407788,0.24240927,0.14917585,0.30516225,0.04726103,0.4349755,0.3281381,0.13746116,0.31645343,0.1750301,0.2554818,0.21907774,0.052078582,0.06322119,0.16442482,0.13586728
0.14260551,0.084363945,0.1027794,0.20159474,0.44692275,0.24240927,0.14917585,0.29548207,0.05104272,0.4349755,0.3281381,0.13662967,0.3090871,0.1750301,0.2554818,0.2369564,0.050341897,0.06322119,0.16442482,0.12933713
0.13991323,0.084363945,0.1027794,0.20052496,0.43910256,0.24240927,0.14917585,0.26139867,0.06806279,0.4349755,0.3281381,0.16495275,0.29475883,0.1750301,0.2554818,0.2278896,0.058162596,0.06322119,0.16442482,0.14523403
0.13991323,0.084363945,0.1027794,0.20052496,0.43910256,0.24240927,0.14917585,0.26139867,0.06806279,0.4349755,0.3281381,0.16495275,0.29475883,0.1750301,0.2554818,0.2278896,0.058162596,0.06322119,0.16442482,0.14523403
0.13991323,0.084363945,0.1027794,0.20052496,0.43910256,0.24240927,0.14917585,0.26139867,0.06806279,0.4349755,0.3281381,0.16495275,0.29475883,0.1750301,0.2554818,0.2278896,0.058162596,0.06322119,0.16442482,0.14523403
0.13991323,0.084363945,0.1027794,0.20052496,0.43910256,0.24240927,0.14917585,0.26139867,0.06806279,0.4349755,0.3281381,0.16495275,0.29475883,0.1750301,0.2554818,0.2278896,0.058162596,0.06322119,0.16442482,0.14523403
0.13991323,0.084363945,0.1027794,0.20052496,0.43910256,0.24240927,0.14917585,0.26139867,0.06806279,0.4349755,0.3281381,0.16495275,0.29475883,0.1750301,0.2554818,0.2278896,0.058162596,0.06322119,0.16442482,0.14523403
0.13991323,0.084363945,0.1027794,0.20052496,0.43910256,0.24240927,0.14917585,0.26139867,0.06806279,0.4349755,0.3281381,0.16495275,0.29475883,0.1750301,0.2554818,0.2278896,0.058162596,0.06322119,0.16442482,0.14523403
0.13991323,0.084363945,0.1027794,0.20052496,0.43910256,0.24240927,0.14917585,0.26139867,0.06806279,0.4349755,0.3281381,0.16495275,0.29475883,0.1750301,0.2554818,0.2278896,0.058162596,0.06322119,0.16442482,0.14523403
0.13991323,0.084363945,0.1027794,0.17384197,0.43910256,0.24240927,0.14917585,0.2672941,0.06806279,0.4349755,0.3281381,0.16405176,0.29475883,0.1750301,0.2554818,0.24857172,0.058162596,0.06322119,0.16442482,0.14624044
0.13582002,0.084363945,0.1027794,0.15092975,0.4507605,0.24240927,0.14917585,0.26436326,0.06931509,0.4349755,0.3281381,0.18074511,0.28682017,0.1750301,0.2554818,0.26402724,0.057284225,0.06322119,0.16442482,0.13993463
0.13002013,0.084363945,0.1027794,0.14427036,0.457339,0.24240927,0.14917585,0.25264606,0.07578607,0.4349755,0.3281381,0.19718578,0.27968287,0.1750301,0.2554818,0.27279764,0.05717194,0.06322119,0.16442482,0.13310015
0.113944605,0.084363945,0.1027794,0.13781783,0.4652522,0.24240927,0.14917585,0.238902,0.08581497,0.4349755,0.3281381,0.20964059,0.27594215,0.1750301,0.2554818,0.2812156,0.05904609,0.06322119,0.16442482,0.13242394
0.08700496,0.084363945,0.1027794,0.1297602,0.47661403,0.24240927,0.14917585,0.22322159,0.09920212,0.4349755,0.3281381,0.2191172,0.27468053,0.1750301,0.2554818,0.2889262,0.062498376,0.06322119,0.16442482,0.1389748
0.08700496,0.084363945,0.1027794,0.1297602,0.47661403,0.24240927,0.14917585,0.22322159,0.09920212,0.4349755,0.3281381,0.2191172,0.27468053,0.1750301,0.2554818,0.2889262,0.062498376,0.06322119,0.16442482,0.1389748
0.08700496,0.084363945,0.1027794,0.1297602,0.47661403,0.24240927,0.14917585,0.22322159,0.09920212,0.4349755,0.3281381,0.2191172,0.27468053,0.1750301,0.2554818,0.2889262,0.062498376,0.06322119,0.16442482,0.1389748
0.08700496,0.084363945,0.1027794,0.1297602,0.47661403,0.24240927,0.14917585,0.22322159,0.09920212,0.4349755,0.3281381,0.2191172,0.27468053,0.1750301,0.2554818,0.2889262,0.062498376,0.06322119,0.16442482,0.1389748
0.08700496,0.084363945,0.1027794,0.1297602,0.47661403,0.24240927,0.14917585,0.22322159,0.09920212,0.4349755,0.3281381,0.2191172,0.27468053,0.1750301,0.2554818,0.2889262,0.062498376,0.06322119,0.16442482,0.1389748
0.08700496,0.084363945,0.1027794,0.094896816,0.47661403,0.24240927,0.14917585,0.12647924,0.09920212,0.4349755,0.3281381,0.43692228,0.27468053,0.1750301,0.2554818,0.05025317,0.062498376,0.06322119,0.16442482,0.29144847
0.08854207,0.084363945,0.1027794,0.09839284,0.23486994,0.24240927,0.14917585,0.12723182,0.30110416,0.4349755,0.3281381,0.44007683,0.15803501,0.1750301,0.2554818,0.05176273,0.21744882,0.06322119,0.16442482,0.2825358
0.09516601,0.084363945,0.1027794,0.10573479,0.24913846,0.24240927,0.14917585,0.13146098,0.28300366,0.4349755,0.3281381,0.43498382,0.1645102,0.1750301,0.2554818,0.055311047,0.20818165,0.06322119,0.16442482,0.27250937
0.1020606,0.084363945,0.1027794,0.11483837,0.26361102,0.24240927,0.14917585,0.13818619,0.2614869,0.4349755,0.3281381,0.42354882,0.17234188,0.1750301,0.2554818,0.0596018,0.20049961,0.06322119,0.16442482,0.26382482
0.10855627,0.084363945,0.1027794,0.12411879,0.27424586,0.24240927,0.14917585,0.14579248,0.24127594,0.4349755,0.3281381,0.40977663,0.18005118,0.1750301,0.2554818,0.06332299,0.19587074,0.06322119,0.16442482,0.2569891
0.11484013,0.084363945,0.1027794,0.13314511,0.28016883,0.24240927,0.14917585,0.15322618,0.22449167,0.4349755,0.3281381,0.3963189,0.18702543,0.1750301,0.2554818,0.065982096,0.19347395,0.06322119,0.16442482,0.2513277
0.12112764,0.084363945,0.1027794,0.14182776,0.2826389,0.24240927,0.14917585,0.160211,0.21138375,0.4349755,0.3281381,0.38454676,0.19314939,0.1750301,0.2554818,0.06805729,0.19170031,0.06322119,0.16442482,0.2453572
0.12736097,0.084363945,0.1027794,0.14992017,0.2830917,0.24240927,0.14917585,0.16692108,0.20128712,0.4349755,0.3281381,0.37395248,0.19878726,0.1750301,0.2554818,0.07044242,0.18947296,0.06322119,0.16442482,0.23876385
0.13318145,0.084363945,0.1027794,0.1616516,0.282949,0.24240927,0.14917585,0.1727929,0.19320375,0.4349755,0.3281381,0.36172655,0.20394793,0.1750301,0.2554818,0.07337342,0.18671785,0.06322119,0.16442482,0.23045552
0.14564253,0.084363945,0.1027794,0.1722246,0.28083828,0.24240927,0.14917585,0.17875898,0.18461569,0.4349755,0.3281381,0.34953064,0.2066299,0.1750301,0.2554818,0.07716484,0.18227358,0.06322119,0.16442482,0.22232093
0.17141668,0.084363945,0.1027794,0.18654178,0.27554795,0.24240927,0.14917585,0.1833736,0.17365636,0.4349755,0.3281381,0.33533177,0.20419559,0.1750301,0.2554818,0.08077989,0.1751834,0.06322119,0.16442482,0.21397296
0.19920698,0.084363945,0.1027794,0.19303791,0.27067852,0.24240927,0.14917585,0.18875518,0.16283043,0.4349755,0.3281381,0.32465243,0.19935855,0.1750301,0.2554818,0.08476517,0.16792552,0.06322119,0.16442482,0.2087893
0.21194898,0.084363945,0.1027794,0.19881961,0.2711903,0.24240927,0.14917585,0.19837326,0.15583202,0.4349755,0.3281381,0.31313396,0.19711351,0.1750301,0.2554818,0.090650864,0.1639152,0.06322119,0.16442482,0.19902232
0.22721262,0.084363945,0.1027794,0.21017732,0.27996874,0.24240927,0.14917585,0.21279018,0.13552517,0.4349755,0.3281381,0.29373834,0.20230573,0.1750301,0.2554818,0.10010333,0.15498772,0.06322119,0.16442482,0.18319084
0.23601855,0.084363945,0.1027794,0.21095732,0.29619575,0.24240927,0.14917585,0.23710632,0.10885571,0.4349755,0.3281381,0.2706269,0.21446754,0.1750301,0.2554818,0.11589893,0.14446244,0.06322119,0.16442482,0.16541053
0.23481646,0.084363945,0.1027794,0.1998171,0.3154237,0.24240927,0.14917585,0.2695045,0.08238392,0.4349755,0.3281381,0.24496137,0.23209612,0.1750301,0.2554818,0.13754813,0.1352798,0.06322119,0.16442482,0.14816892
0.22894143,0.084363945,0.1027794,0.21220376,0.32819176,0.24240927,0.14917585,0.28950527,0.063980095,0.4349755,0.3281381,0.21319403,0.24951957,0.1750301,0.2554818,0.15474604,0.12936716,0.06322119,0.16442482,0.1303509
0.23459965,0.084363945,0.1027794,0.2206016,0.3292383,0.24240927,0.14917585,0.30267516,0.05239433,0.4349755,0.3281381,0.1912966,0.25605214,0.1750301,0.2554818,0.16224806,0.12771562,0.06322119,0.16442482,0.12317859
0.24092337,0.084363945,0.1027794,0.22256397,0.32402235,0.24240927,0.14917585,0.3080324,0.04955979,0.4349755,0.3281381,0.18332878,0.25839186,0.1750301,0.2554818,0.16559559,0.12710263,0.06322119,0.16442482,0.12047927
0.24620159,0.084363945,0.1027794,0.2211799,0.31839412,0.24240927,0.14917585,0.30896264,0.05144255,0.4349755,0.3281381,0.18353754,0.2587973,0.1750301,0.2554818,0.16784358,0.12516443,0.06322119,0.16442482,0.118476324
0.25008756,0.084363945,0.1027794,0.21760221,0.31536916,0.24240927,0.14917585,0.3076078,0.055361543,0.4349755,0.3281381,0.18755586,0.25780004,0.1750301,0.2554818,0.17068218,0.1213817,0.06322119,0.16442482,0.11655196
0.2518028,0.084363945,0.1027794,0.21215272,0.3157163,0.24240927,0.14917585,0.30474603,0.059784807,0.4349755,0.3281381,0.19245712,0.25559178,0.1750301,0.2554818,0.17398052,0.11710434,0.06322119,0.16442482,0.11666359
0.25122714,0.084363945,0.1027794,0.2055651,0.319215,0.24240927,0.14917585,0.30065802,0.06381053,0.4349755,0.3281381,0.19785269,0.25181264,0.1750301,0.2554818,0.17663963,0.113934696,0.06322119,0.16442482,0.11928456
0.2495414,0.084363945,0.1027794,0.19982225,0.32468274,0.24240927,0.14917585,0.2954693,0.06701539,0.4349755,0.3281381,0.2033484,0.24672014,0.1750301,0.2554818,0.1780058,0.11204034,0.06322119,0.16442482,0.12335422
0.24868305,0.084363945,0.1027794,0.19747883,0.3305653,0.24240927,0.14917585,0.28923005,0.06952815,0.4349755,0.3281381,0.20812762,0.24096878,0.1750301,0.2554818,0.1785096,0.11025471,0.06322119,0.16442482,0.12665392
0.24814649,0.084363945,0.1027794,0.19883695,0.3343036,0.24240927,0.14917585,0.28210455,0.07229481,0.4349755,0.3281381,0.21327724,0.23813178,0.1750301,0.2554818,0.17943574,0.10712333,0.06322119,0.16442482,0.12634555
0.23994792,0.084363945,0.1027794,0.1920011,0.33653483,0.24240927,0.14917585,0.277337,0.077279255,0.4349755,0.3281381,0.22392209,0.24334097,0.1750301,0.2554818,0.18444183,0.10289701,0.06322119,0.16442482,0.12229796
0.21160844,0.084363945,0.1027794,0.1561833,0.34023473,0.24240927,0.14917585,0.28040096,0.08691981,0.4349755,0.3281381,0.24858741,0.2623826,0.1750301,0.2554818,0.199511,0.098854415,0.06322119,0.16442482,0.1153173
0.21160844,0.084363945,0.1027794,0.1561833,0.34023473,0.24240927,0.14917585,0.28040096,0.08691981,0.4349755,0.3281381,0.24858741,0.2623826,0.1750301,0.2554818,0.199511,0.098854415,0.06322119,0.16442482,0.1153173
0.21160844,0.084363945,0.1027794,0.1561833,0.34023473,0.24240927,0.14917585,0.28040096,0.08691981,0.4349755,0.3281381,0.24858741,0.2623826,0.1750301,0.2554818,0.199511,0.098854415,0.06322119,0.16442482,0.1153173
0.21160844,0.084363945,0.1027794,0.1561833,0.34023473,0.24240927,0.14917585,0.28040096,0.08691981,0.4349755,0.3281381,0.24858741,0.2623826,0.1750301,0.2554818,0.199511,0.098854415,0.06322119,0.16442482,0.1153173
0.21160844,0.084363945,0.1027794,0.1561833,0.34023473,0.24240927,0.14917585,0.28040096,0.08691981,0.4349755,0.3281381,0.24858741,0.2623826,0.1750301,0.2554818,0.199511,0.098854415,0.06322119,0.16442482,0.1153173
0.21160844,0.084363945,0.1027794,0.1561833,0.34023473,0.24240927,0.14917585,0.28040096,0.08691981,0.4349755,0.3281381,0.24858741,0.2623826,0.1750301,0.2554818,0.199511,0.098854415,0.06322119,0.16442482,0.1153173
0.21160844,0.084363945,0.1027794,0.1561833,0.34023473,0.24240927,0.14917585,0.28040096,0.08691981,0.4349755,0.3281381,0.24858741,0.2623826,0.1750301,0.2554818,0.199511,0.098854415,0.06322119,0.16442482,0.1153173
0.21160844,0.084363945,0.1027794,0.1561833,0.34023473,0.24240927,0.14917585,0.28040096,0.08691981,0.4349755,0.3281381,0.24858741,0.2623826,0.1750301,0.2554818,0.199511,0.098854415,0.06322119,0.16442482,0.1153173
0.14216991,0.084363945,0.1027794,0.109087355,0.07829854,0.24240927,0.14917585,0.027815763,0.52451426,0.4349755,0.3281381,0.67393076,0.06583752,0.1750301,0.2554818,0.014152438,0.18917975,0.06322119,0.16442482,0.17501369
0.16442221,0.084363945,0.1027794,0.12865525,0.093259126,0.24240927,0.14917585,0.033250973,0.49115774,0.4349755,0.3281381,0.64957297,0.07224846,0.1750301,0.2554818,0.01663567,0.17891246,0.06322119,0.16442482,0.17188512
0.18384892,0.084363945,0.1027794,0.14784156,0.10895972,0.24240927,0.14917585,0.04003517,0.45841745,0.4349755,0.3281381,0.62284607,0.08020973,0.1750301,0.2554818,0.019079681,0.1685642,0.06322119,0.16442482,0.17019753
0.20065069,0.084363945,0.1027794,0.16615754,0.12473228,0.24240927,0.14917585,0.046973128,0.42742467,0.4349755,0.3281381,0.5961543,0.088864975,0.1750301,0.2554818,0.021435773,0.1583274,0.06322119,0.16442482,0.16927926
0.21260951,0.084363945,0.1027794,0.18090436,0.1398575,0.24240927,0.14917585,0.052730247,0.400688,0.4349755,0.3281381,0.5735872,0.0975774,0.1750301,0.2554818,0.023778018,0.1492676,0.06322119,0.16442482,0.16900021
0.222306,0.084363945,0.1027794,0.1945321,0.15317808,0.24240927,0.14917585,0.056783017,0.37716338,0.4349755,0.3281381,0.5536104,0.10581275,0.1750301,0.2554818,0.026006777,0.14153981,0.06322119,0.16442482,0.16906773
0.23143119,0.084363945,0.1027794,0.20689152,0.16370144,0.24240927,0.14917585,0.059672527,0.35650057,0.4349755,0.3281381,0.5357069,0.11332934,0.1750301,0.2554818,0.027961109,0.13503748,0.06322119,0.16442482,0.16976796
0.24032266,0.084363945,0.1027794,0.21739824,0.17140788,0.24240927,0.14917585,0.062268965,0.33877438,0.4349755,0.3281381,0.519572,0.119773075,0.1750301,0.2554818,0.029455112,0.12972198,0.06322119,0.16442482,0.17130564
0.24893604,0.084363945,0.1027794,0.22592627,0.17707229,0.24240927,0.14917585,0.06497868,0.32377324,0.4349755,0.3281381,0.50521076,0.12485493,0.1750301,0.2554818,0.03051958,0.12536351,0.06322119,0.16442482,0.17336473
0.2570815,0.084363945,0.1027794,0.23299085,0.18152794,0.24240927,0.14917585,0.067499526,0.31116614,0.4349755,0.3281381,0.49282888,0.12853365,0.1750301,0.2554818,0.031358767,0.121690765,0.06322119,0.16442482,0.175322
0.26436272,0.084363945,0.1027794,0.24035849,0.18488136,0.24240927,0.14917585,0.069225736,0.3013197,0.4349755,0.3281381,0.48199964,0.13101573,0.1750301,0.2554818,0.032129217,0.11842052,0.06322119,0.16442482,0.17628692
0.2693949,0.084363945,0.1027794,0.25573766,0.18678835,0.24240927,0.14917585,0.06943356,0.2956871,0.4349755,0.3281381,0.467287,0.13192858,0.1750301,0.2554818,0.032420408,0.116201065,0.06322119,0.16442482,0.17512135
0.23804814,0.084363945,0.1027794,0.27552202,0.2404383,0.24240927,0.14917585,0.09127155,0.25469032,0.4349755,0.3281381,0.40792552,0.16286577,0.1750301,0.2554818,0.043642867,0.10395749,0.06322119,0.16442482,0.18163806
0.21095373,0.084363945,0.1027794,0.308348,0.27576816,0.24240927,0.14917585,0.10754347,0.23208958,0.4349755,0.3281381,0.33739543,0.18102445,0.1750301,0.2554818,0.0499589,0.1001641,0.06322119,0.16442482,0.19675419
0.19460957,0.084363945,0.1027794,0.32095248,0.30803484,0.24240927,0.14917585,0.122102976,0.20253402,0.4349755,0.3281381,0.2912601,0.20159842,0.1750301,0.2554818,0.055564806,0.09322316,0.06322119,0.16442482,0.21011966
0.18501686,0.084363945,0.1027794,0.32998642,0.32349256,0.24240927,0.14917585,0.12860122,0.18820153,0.4349755,0.3281381,0.26452613,0.21350749,0.1750301,0.2554818,0.057539273,0.08978156,0.06322119,0.16442482,0.21934694
0.18343066,0.084363945,0.1027794,0.32722366,0.32412633,0.24240927,0.14917585,0.12898643,0.18708038,0.4349755,0.3281381,0.26078776,0.21622743,0.1750301,0.2554818,0.05750842,0.08913519,0.06322119,0.16442482,0.22549374
0.18085639,0.084363945,0.1027794,0.31988922,0.31993815,0.24240927,0.14917585,0.12536705,0.19280726,0.4349755,0.3281381,0.26804933,0.21554083,0.1750301,0.2554818,0.056591656,0.09085735,0.06322119,0.16442482,0.23010276
0.17728804,0.084363945,0.1027794,0.3115393,0.31353012,0.24240927,0.14917585,0.119815014,0.20162044,0.4349755,0.3281381,0.27932656,0.21330975,0.1750301,0.2554818,0.05525673,0.09425164,0.06322119,0.16442482,0.23406239
0.17301688,0.084363945,0.1027794,0.30249998,0.30493328,0.24240927,0.14917585,0.11465772,0.21311934,0.4349755,0.3281381,0.29100552,0.20971046,0.1750301,0.2554818,0.053470578,0.09922003,0.06322119,0.16442482,0.2383662
0.17102234,0.084363945,0.1027794,0.2912456,0.29224002,0.24240927,0.14917585,0.1109569,0.22875679,0.4349755,0.3281381,0.304111,0.20275076,0.1750301,0.2554818,0.05111654,0.1052301,0.06322119,0.16442482,0.24256995
0.16861744,0.084363945,0.1027794,0.27831814,0.27736303,0.24240927,0.14917585,0.108587645,0.24973243,0.4349755,0.3281381,0.31839922,0.19194895,0.1750301,0.2554818,0.048565812,0.11233815,0.06322119,0.16442482,0.24612918
0.16370301,0.084363945,0.1027794,0.26554844,0.2620759,0.24240927,0.14917585,0.10635089,0.27597368,0.4349755,0.3281381,0.33282006,0.17793432,0.1750301,0.2554818,0.04649084,0.12031308,0.06322119,0.16442482,0.24878976
0.15572245,0.084363945,0.1027794,0.24655451,0.24602439,0.24240927,0.14917585,0.10399548,0.30723047,0.4349755,0.3281381,0.35040522,0.16181244,0.1750301,0.2554818,0.045508746,0.12921025,0.06322119,0.16442482,0.25353605
0.14419442,0.084363945,0.1027794,0.22800171,0.22740698,0.24240927,0.14917585,0.10033729,0.34425557,0.4349755,0.3281381,0.3679078,0.14442904,0.1750301,0.2554818,0.044594154,0.13971399,0.06322119,0.16442482,0.25915903
0.14419442,0.084363945,0.1027794,0.22800171,0.22740698,0.24240927,0.14917585,0.10033729,0.34425557,0.4349755,0.3281381,0.3679078,0.14442904,0.1750301,0.2554818,0.044594154,0.13971399,0.06322119,0.16442482,0.25915903
0.14419442,0.084363945,0.1027794,0.22800171,0.22740698,0.24240927,0.14917585,0.10033729,0.34425557,0.4349755,0.3281381,0.3679078,0.14442904,0.1750301,0.2554818,0.044594154,0.13971399,0.06322119,0.16442482,0.25915903
0.14419442,0.084363945,0.1027794,0.22800171,0.22740698,0.24240927,0.14917585,0.10033729,0.34425557,0.4349755,0.3281381,0.3679078,0.14442904,0.1750301,0.2554818,0.044594154,0.13971399,0.06322119,0.16442482,0.25915903
0.14419442,0.084363945,0.1027794,0.22800171,0.22740698,0.24240927,0.14917585,0.10033729,0.34425557,0.4349755,0.3281381,0.3679078,0.14442904,0.1750301,0.2554818,0.044594154,0.13971399,0.06322119,0.16442482,0.25915903
0.14419442,0.084363945,0.1027794,0.22800171,0.22740698,0.24240927,0.14917585,0.10033729,0.34425557,0.4349755,0.3281381,0.3679078,0.14442904,0.1750301,0.2554818,0.044594154,0.13971399,0.06322119,0.16442482,0.25915903
0.14419442,0.084363945,0.1027794,0.22800171,0.22740698,0.24240927,0.14917585,0.10033729,0.34425557,0.4349755,0.3281381,0.3679078,0.14442904,0.1750301,0.2554818,0.044594154,0.13971399,0.06322119,0.16442482,0.25915903
0.14419442,0.084363945,0.1027794,0.22800171,0.22740698,0.24240927,0.14917585,0.10033729,0.34425557,0.4349755,0.3281381,0.3679078,0.14442904,0.1750301,0.2554818,0.044594154,0.13971399,0.06322119,0.16442482,0.25915903
0.14419442,0.084363945,0.1027794,0.22800171,0.22740698,0.24240927,0.14917585,0.10033729,0.34425557,0.4349755,0.3281381,0.3679078,0.14442904,0.1750301,0.2554818,0.044594154,0.13971399,0.06322119,0.16442482,0.25915903
0.14419442,0.084363945,0.1027794,0.22800171,0.22740698,0.24240927,0.14917585,0.10033729,0.34425557,0.4349755,0.3281381,0.3679078,0.14442904,0.1750301,0.2554818,0.044594154,0.13971399,0.06322119,0.16442482,0.25915903
0.14419442,0.084363945,0.1027794,0.22800171,0.22740698,0.24240927,0.14917585,0.10033729,0.34425557,0.4349755,0.3281381,0.3679078,0.14442904,0.1750301,0.2554818,0.044594154,0.13971399,0.06322119,0.16442482,0.25915903
0.14419442,0.084363945,0.1027794,0.22800171,0.22740698,0.24240927,0.14917585,0.10033729,0.34425557,0.4349755,0.3281381,0.3679078,0.14442904,0.1750301,0.2554818,0.044594154,0.13971399,0.06322119,0.16442482,0.25915903
0.14419442,0.084363945,0.1027794,0.22800171,0.22740698,0.24240927,0.14917585,0.10033729,0.34425557,0.4349755,0.3281381,0.3679078,0.14442904,0.1750301,0.2554818,0.044594154,0.13971399,0.06322119,0.16442482,0.25915903
0.14419442,0.084363945,0.1027794,0.22800171,0.22740698,0.24240927,0.14917585,0.10033729,0.34425557,0.4349755,0.3281381,0.3679078,0.14442904,0.1750301,0.2554818,0.044594154,0.13971399,0.06322119,0.16442482,0.25915903
0.14419442,0.084363945,0.1027794,0.22800171,0.22740698,0.24240927,0.14917585,0.10033729,0.34425557,0.4349755,0.3281381,0.3679078,0.14442904,0.1750301,0.2554818,0.044594154,0.13971399,0.06322119,0.16442482,0.25915903
0.14419442,0.084363945,0.1027794,0.22800171,0.22740698,0.24240927,0.14917585,0.10033729,0.34425557,0.4349755,0.3281381,0.3679078,0.14442904,0.1750301,0.2554818,0.044594154,0.13971399,0.06322119,0.16442482,0.25915903
0.14419442,0.084363945,0.1027794,0.22800171,0.22740698,0.24240927,0.14917585,0.10033729,0.34425557,0.4349755,0.3281381,0.3679078,0.14442904,0.1750301,0.2554818,0.044594154,0.13971399,0.06322119,0.16442482,0.25915903
0.14419442,0.084363945,0.1027794,0.22800171,0.22740698,0.24240927,0.14917585,0.10033729,0.34425557,0.4349755,0.3281381,0.3679078,0.14442904,0.1750301,0.2554818,0.044594154,0.13971399,0.06322119,0.16442482,0.25915903
0.14419442,0.084363945,0.1027794,0.22800171,0.22740698,0.24240927,0.14917585,0.10033729,0.34425557,0.4349755,0.3281381,0.3679078,0.14442904,0.1750301,0.2554818,0.044594154,0.13971399,0.06322119,0.16442482,0.25915903
0.14419442,0.084363945,0.1027794,0.22800171,0.22740698,0.24240927,0.14917585,0.10033729,0.34425557,0.4349755,0.3281381,0.3679078,0.14442904,0.1750301,0.2554818,0.044594154,0.13971399,0.06322119,0.16442482,0.25915903
0.14419442,0.084363945,0.1027794,0.22800171,0.22740698,0.24240927,0.14917585,0.10033729,0.34425557,0.4349755,0.3281381,0.3679078,0.14442904,0.1750301,0.2554818,0.044594154,0.13971399,0.06322119,0.16442482,0.25915903
0.14419442,0.084363945,0.1027794,0.22800171,0.22740698,0.24240927,0.14917585,0.10033729,0.34425557,0.4349755,0.3281381,0.3679078,0.14442904,0.1750301,0.2554818,0.044594154,0.13971399,0.06322119,0.16442482,0.25915903
0.14419442,0.084363945,0.1027794,0.22800171,0.22740698,0.24240927,0.14917585,0.10033729,0.34425557,0.4349755,0.3281381,0.3679078,0.14442904,0.1750301,0.2554818,0.044594154,0.13971399,0.06322119,0.16442482,0.25915903
0.14419442,0.084363945,0.1027794,0.22800171,0.22740698,0.24240927,0.14917585,0.10033729,0.34425557,0.4349755,0.3281381,0.3679078,0.14442904,0.1750301,0.2554818,0.044594154,0.13971399,0.06322119,0.16442482,0.25915903
0.14419442,0.084363945,0.1027794,0.22800171,0.22740698,0.24240927,0.14917585,0.10033729,0.34425557,0.4349755,0.3281381,0.3679078,0.14442904,0.1750301,0.2554818,0.044594154,0.13971399,0.06322119,0.16442482,0.25915903
0.14419442,0.084363945,0.1027794,0.22800171,0.22740698,0.24240927,0.14917585,0.10033729,0.34425557,0.4349755,0.3281381,0.3679078,0.14442904,0.1750301,0.2554818,0.044594154,0.13971399,0.06322119,0.16442482,0.25915903
0.14419442,0.084363945,0.1027794,0.22800171,0.22740698,0.24240927,0.14917585,0.10033729,0.34425557,0.4349755,0.3281381,0.3679078,0.14442904,0.1750301,0.2554818,0.044594154,0.13971399,0.06322119,0.16442482,0.25915903
0.14419442,0.084363945,0.1027794,0.22800171,0.22740698,0.24240927,0.14917585,0.10033729,0.34425557,0.4349755,0.3281381,0.3679078,0.14442904,0.1750301,0.2554818,0.044594154,0.13971399,0.06322119,0.16442482,0.25915903
0.14419442,0.084363945,0.1027794,0.22800171,0.22740698,0.24240927,0.14917585,0.10033729,0.34425557,0.4349755,0.3281381,0.3679078,0.14442904,0.1750301,0.2554818,0.044594154,0.13971399,0.06322119,0.16442482,0.25915903
0.14419442,0.084363945,0.1027794,0.22800171,0.22740698,0.24240927,0.14917585,0.10033729,0.34425557,0.4349755,0.3281381,0.3679078,0.14442904,0.1750301,0.2554818,0.044594154,0.13971399,0.06322119,0.16442482,0.25915903
0.14419442,0.084363945,0.1027794,0.22800171,0.22740698,0.24240927,0.14917585,0.10033729,0.34425557,0.4349755,0.3281381,0.3679078,0.14442904,0.1750301,0.2554818,0.044594154,0.13971399,0.06322119,0.16442482,0.25915903
0.14419442,0.084363945,0.1027794,0.22800171,0.22740698,0.24240927,0.14917585,0.10033729,0.34425557,0.4349755,0.3281381,0.3679078,0.14442904,0.1750301,0.2554818,0.044594154,0.13971399,0.06322119,0.16442482,0.25915903
0.14419442,0.084363945,0.1027794,0.22800171,0.22740698,0.24240927,0.14917585,0.10033729,0.34425557,0.4349755,0.3281381,0.3679078,0.14442904,0.1750301,0.2554818,0.044594154,0.13971399,0.06322119,0.16442482,0.25915903
0.14419442,0.084363945,0.1027794,0.22800171,0.22740698,0.24240927,0.14917585,0.10033729,0.34425557,0.4349755,0.3281381,0.3679078,0.14442904,0.1750301,0.2554818,0.044594154,0.13971399,0.06322119,0.16442482,0.25915903
0.14419442,0.084363945,0.1027794,0.22800171,0.22740698,0.24240927,0.14917585,0.10033729,0.34425557,0.4349755,0.3281381,0.3679078,0.14442904,0.1750301,0.2554818,0.044594154,0.13971399,0.06322119,0.16442482,0.25915903
0.14419442,0.084363945,0.1027794,0.22800171,0.22740698,0.24240927,0.14917585,0.10033729,0.34425557,0.4349755,0.3281381,0.3679078,0.14442904,0.1750301,0.2554818,0.044594154,0.13971399,0.06322119,0.16442482,0.25915903
0.14419442,0.084363945,0.1027794,0.22800171,0.22740698,0.24240927,0.14917585,0.10033729,0.34425557,0.4349755,0.3281381,0.3679078,0.14442904,0.1750301,0.2554818,0.044594154,0.13971399,0.06322119,0.16442482,0.25915903
0.14419442,0.084363945,0.1027794,0.22800171,0.22740698,0.24240927,0.14917585,0.10033729,0.34425557,0.4349755,0.3281381,0.3679078,0.14442904,0.1750301,0.2554818,0.044594154,0.13971399,0.06322119,0.16442482,0.25915903
0.14419442,0.084363945,0.1027794,0.22800171,0.22740698,0.24240927,0.14917585,0.10033729,0.34425557,0.4349755,0.3281381,0.3679078,0.14442904,0.1750301,0.2554818,0.044594154,0.13971399,0.06322119,0.16442482,0.25915903
0.14419442,0.084363945,0.1027794,0.22800171,0.22740698,0.24240927,0.14917585,0.10033729,0.34425557,0.4349755,0.3281381,0.3679078,0.14442904,0.1750301,0.2554818,0.044594154,0.13971399,0.06322119,0.16442482,0.25915903
0.14419442,0.084363945,0.1027794,0.22800171,0.22740698,0.24240927,0.14917585,0.10033729,0.34425557,0.4349755,0.3281381,0.3679078,0.14442904,0.1750301,0.2554818,0.044594154,0.13971399,0.06322119,0.16442482,0.25915903
0.14419442,0.084363945,0.1027794,0.22800171,0.22740698,0.24240927,0.14917585,0.10033729,0.34425557,0.4349755,0.3281381,0.3679078,0.14442904,0.1750301,0.2554818,0.044594154,0.13971399,0.06322119,0.16442482,0.25915903
0.14419442,0.084363945,0.1027794,0.22800171,0.22740698,0.24240927,0.14917585,0.10033729,0.34425557,0.4349755,0.3281381,0.3679078,0.14442904,0.1750301,0.2554818,0.044594154,0.13971399,0.06322119,0.16442482,0.25915903
0.14419442,0.084363945,0.1027794,0.22800171,0.22740698,0.24240927,0.14917585,0.10033729,0.34425557,0.4349755,0.3281381,0.3679078,0.14442904,0.1750301,0.2554818,0.044594154,0.13971399,0.06322119,0.16442482,0.25915903
0.14419442,0.084363945,0.1027794,0.22800171,0.22740698,0.24240927,0.14917585,0.10033729,0.34425557,0.4349755,0.3281381,0.3679078,0.14442904,0.1750301,0.2554818,0.044594154,0.13971399,0.06322119,0.16442482,0.25915903
0.14419442,0.084363945,0.1027794,0.22800171,0.22740698,0.24240927,0.14917585,0.10033729,0.34425557,0.4349755,0.3281381,0.3679078,0.14442904,0.1750301,0.2554818,0.044594154,0.13971399,0.06322119,0.16442482,0.25915903
0.14419442,0.084363945,0.1027794,0.22800171,0.22740698,0.24240927,0.14917585,0.10033729,0.34425557,0.4349755,0.3281381,0.3679078,0.14442904,0.1750301,0.2554818,0.044594154,0.13971399,0.06322119,0.16442482,0.25915903
0.14419442,0.084363945,0.1027794,0.22800171,0.22740698,0.24240927,0.14917585,0.10033729,0.34425557,0.4349755,0.3281381,0.3679078,0.14442904,0.1750301,0.2554818,0.044594154,0.13971399,0.06322119,0.16442482,0.25915903
0.14419442,0.084363945,0.1027794,0.22800171,0.22740698,0.24240927,0.14917585,0.10033729,0.34425557,0.4349755,0.3281381,0.3679078,0.14442904,0.1750301,0.2554818,0.044594154,0.13971399,0.06322119,0.16442482,0.25915903
0.14419442,0.084363945,0.1027794,0.22800171,0.22740698,0.24240927,0.14917585,0.10033729,0.34425557,0.4349755,0.3281381,0.3679078,0.14442904,0.1750301,0.2554818,0.044594154,0.13971399,0.06322119,0.16442482,0.25915903
0.14419442,0.084363945,0.1027794,0.22800171,0.22740698,0.24240927,0.14917585,0.10033729,0.34425557,0.4349755,0.3281381,0.3679078,0.14442904,0.1750301,0.2554818,0.044594154,0.13971399,0.06322119,0.16442482,0.25915903
0.14419442,0.084363945,0.1027794,0.22800171,0.22740698,0.24240927,0.14917585,0.10033729,0.34425557,0.4349755,0.3281381,0.3679078,0.14442904,0.1750301,0.2554818,0.044594154,0.13971399,0.06322119,0.16442482,0.25915903
0.14419442,0.084363945,0.1027794,0.22800171,0.22740698,0.24240927,0.14917585,0.10033729,0.34425557,0.4349755,0.3281381,0.3679078,0.14442904,0.1750301,0.2554818,0.044594154,0.13971399,0.06322119,0.16442482,0.25915903
0.14419442,0.084363945,0.1027794,0.22800171,0.22740698,0.24240927,0.14917585,0.10033729,0.34425557,0.4349755,0.3281381,0.3679078,0.14442904,0.1750301,0.2554818,0.044594154,0.13971399,0.06322119,0.16442482,0.25915903
0.14419442,0.084363945,0.1027794,0.22800171,0.22740698,0.24240927,0.14917585,0.10033729,0.34425557,0.4349755,0.3281381,0.3679078,0.14442904,0.1750301,0.2554818,0.044594154,0.13971399,0.06322119,0.16442482,0.25915903
0.045585543,0.084363945,0.1027794,0.11088099,0.06978632,0.24240927,0.14917585,0.045860257,0.56276625,0.4349755,0.3281381,0.6075986,0.10406534,0.1750301,0.2554818,0.041525073,0.21779658,0.06322119,0.16442482,0.19413504
0.05269897,0.084363945,0.1027794,0.12297,0.078818195,0.24240927,0.14917585,0.048198245,0.54206884,0.4349755,0.3281381,0.59319013,0.11055695,0.1750301,0.2554818,0.045151174,0.21585706,0.06322119,0.16442482,0.19049048
0.062152203,0.084363945,0.1027794,0.13620524,0.08907356,0.24240927,0.14917585,0.050838612,0.51836735,0.4349755,0.3281381,0.57657737,0.11609688,0.1750301,0.2554818,0.04753592,0.21431004,0.06322119,0.16442482,0.1888429
0.072429806,0.084363945,0.1027794,0.14935824,0.098914735,0.24240927,0.14917585,0.053431895,0.496269,0.4349755,0.3281381,0.55990136,0.12089033,0.1750301,0.2554818,0.048733253,0.21149613,0.06322119,0.16442482,0.18857528
0.08416036,0.084363945,0.1027794,0.16059794,0.10674301,0.24240927,0.14917585,0.055866227,0.47739735,0.4349755,0.3281381,0.54418755,0.12383883,0.1750301,0.2554818,0.04886732,0.20786044,0.06322119,0.16442482,0.19048095
0.093541205,0.084363945,0.1027794,0.1690395,0.112086155,0.24240927,0.14917585,0.058050636,0.46507436,0.4349755,0.3281381,0.53085226,0.12461776,0.1750301,0.2554818,0.04815905,0.20468053,0.06322119,0.16442482,0.19389857
0.09897176,0.084363945,0.1027794,0.1755206,0.11513762,0.24240927,0.14917585,0.059737578,0.45888498,0.4349755,0.3281381,0.5202306,0.12424271,0.1750301,0.2554818,0.047083862,0.20276293,0.06322119,0.16442482,0.19742739
0.10131012,0.084363945,0.1027794,0.18191616,0.11671513,0.24240927,0.14917585,0.060883608,0.45603478,0.4349755,0.3281381,0.51160395,0.12430472,0.1750301,0.2554818,0.046168834,0.20163526,0.06322119,0.16442482,0.19942746
0.10484041,0.084363945,0.1027794,0.18953533,0.11734775,0.24240927,0.14917585,0.061813753,0.4522202,0.4349755,0.3281381,0.50354683,0.12571377,0.1750301,0.2554818,0.045810763,0.19987787,0.06322119,0.16442482,0.1992933
0.10955649,0.084363945,0.1027794,0.19853915,0.11773532,0.24240927,0.14917585,0.062790304,0.446556,0.4349755,0.3281381,0.4952191,0.12901732,0.1750301,0.2554818,0.046134066,0.19713487,0.06322119,0.16442482,0.19731736
0.11427726,0.084363945,0.1027794,0.20714353,0.117798425,0.24240927,0.14917585,0.06358115,0.43965775,0.4349755,0.3281381,0.486998,0.13340995,0.1750301,0.2554818,0.04677135,0.19485663,0.06322119,0.16442482,0.19550598
0.11427726,0.084363945,0.1027794,0.20714353,0.117798425,0.24240927,0.14917585,0.06358115,0.43965775,0.4349755,0.3281381,0.486998,0.13340995,0.1750301,0.2554818,0.04677135,0.19485663,0.06322119,0.16442482,0.19550598
0.119203895,0.084363945,0.1027794,0.20285575,0.12726551,0.24240927,0.14917585,0.06889165,0.42076752,0.4349755,0.3281381,0.4797208,0.14426929,0.1750301,0.2554818,0.052147873,0.18849377,0.06322119,0.16442482,0.19638392
0.1279246,0.084363945,0.1027794,0.19625776,0.14126433,0.24240927,0.14917585,0.077978685,0.39253345,0.4349755,0.3281381,0.46419844,0.15439042,0.1750301,0.2554818,0.058019344,0.1838872,0.06322119,0.16442482,0.20354576
0.13724138,0.084363945,0.1027794,0.1939028,0.1562069,0.24240927,0.14917585,0.088957496,0.36297902,0.4349755,0.3281381,0.43883833,0.16176614,0.1750301,0.2554818,0.061866578,0.18180655,0.06322119,0.16442482,0.21643476
0.14583482,0.084363945,0.1027794,0.19726272,0.16676855,0.24240927,0.14917585,0.09862146,0.3411822,0.4349755,0.3281381,0.4103119,0.16558307,0.1750301,0.2554818,0.06206134,0.18063135,0.06322119,0.16442482,0.23174256
0.14980906,0.084363945,0.1027794,0.20590502,0.1697496,0.24240927,0.14917585,0.10354697,0.3356958,0.4349755,0.3281381,0.3896099,0.16666138,0.1750301,0.2554818,0.058706652,0.17808416,0.06322119,0.16442482,0.24223144
0.14959924,0.084363945,0.1027794,0.21008359,0.16569938,0.24240927,0.14917585,0.104629904,0.34418592,0.4349755,0.3281381,0.38214067,0.16520987,0.1750301,0.2554818,0.054258768,0.17530558,0.06322119,0.16442482,0.24888706
0.14772259,0.084363945,0.1027794,0.20855848,0.15733325,0.24240927,0.14917585,0.10343821,0.35858378,0.4349755,0.3281381,0.3849811,0.16223355,0.1750301,0.2554818,0.0506,0.17412685,0.06322119,0.16442482,0.2524222
0.14830701,0.084363945,0.1027794,0.20652816,0.14782366,0.24240927,0.14917585,0.10206646,0.37048328,0.4349755,0.3281381,0.39135003,0.16064806,0.1750301,0.2554818,0.048989397,0.172738,0.06322119,0.16442482,0.25106597
0.15406026,0.084363945,0.1027794,0.20964998,0.1393412,0.24240927,0.14917585,0.10204717,0.3719977,0.4349755,0.3281381,0.39336592,0.16516678,0.1750301,0.2554818,0.05049683,0.16943406,0.06322119,0.16442482,0.2444401
0.1512971,0.084363945,0.1027794,0.20177789,0.13592705,0.24240927,0.14917585,0.10788553,0.36419675,0.4349755,0.3281381,0.3953259,0.18414702,0.1750301,0.2554818,0.057768114,0.1644321,0.06322119,0.16442482,0.23724258
0.1512971,0.084363945,0.1027794,0.20177789,0.13592705,0.24240927,0.14917585,0.10788553,0.36419675,0.4349755,0.3281381,0.3953259,0.18414702,0.1750301,0.2554818,0.057768114,0.1644321,0.06322119,0.16442482,0.23724258
0.1512971,0.084363945,0.1027794,0.20177789,0.13592705,0.24240927,0.14917585,0.10788553,0.36419675,0.4349755,0.3281381,0.3953259,0.18414702,0.1750301,0.2554818,0.057768114,0.1644321,0.06322119,0.16442482,0.23724258
0.1512971,0.084363945,0.1027794,0.20177789,0.13592705,0.24240927,0.14917585,0.10788553,0.36419675,0.4349755,0.3281381,0.3953259,0.18414702,0.1750301,0.2554818,0.057768114,0.1644321,0.06322119,0.16442482,0.23724258
0.1512971,0.084363945,0.1027794,0.20177789,0.13592705,0.24240927,0.14917585,0.10788553,0.36419675,0.4349755,0.3281381,0.3953259,0.18414702,0.1750301,0.2554818,0.057768114,0.1644321,0.06322119,0.16442482,0.23724258
0.1512971,0.084363945,0.1027794,0.20177789,0.13592705,0.24240927,0.14917585,0.10788553,0.36419675,0.4349755,0.3281381,0.3953259,0.18414702,0.1750301,0.2554818,0.057768114,0.1644321,0.06322119,0.16442482,0.23724258
0.1512971,0.084363945,0.1027794,0.20177789,0.13592705,0.24240927,0.14917585,0.10788553,0.36419675,0.4349755,0.3281381,0.3953259,0.18414702,0.1750301,0.2554818,0.057768114,0.1644321,0.06322119,0.16442482,0.23724258
0.1512971,0.084363945,0.1027794,0.20177789,0.13592705,0.24240927,0.14917585,0.10788553,0.36419675,0.4349755,0.3281381,0.3953259,0.18414702,0.1750301,0.2554818,0.057768114,0.1644321,0.06322119,0.16442482,0.23724258
0.1512971,0.084363945,0.1027794,0.20177789,0.13592705,0.24240927,0.14917585,0.10788553,0.36419675,0.4349755,0.3281381,0.3953259,0.18414702,0.1750301,0.2554818,0.057768114,0.1644321,0.06322119,0.16442482,0.23724258
0.1512971,0.084363945,0.1027794,0.20177789,0.13592705,0.24240927,0.14917585,0.10788553,0.36419675,0.4349755,0.3281381,0.3953259,0.18414702,0.1750301,0.2554818,0.057768114,0.1644321,0.06322119,0.16442482,0.23724258
0.1512971,0.084363945,0.1027794,0.20177789,0.13592705,0.24240927,0.14917585,0.10788553,0.36419675,0.4349755,0.3281381,0.3953259,0.18414702,0.1750301,0.2554818,0.057768114,0.1644321,0.06322119,0.16442482,0.23724258
0.1512971,0.084363945,0.1027794,0.20177789,0.13592705,0.24240927,0.14917585,0.10788553,0.36419675,0.4349755,0.3281381,0.3953259,0.18414702,0.1750301,0.2554818,0.057768114,0.1644321,0.06322119,0.16442482,0.23724258
0.1512971,0.084363945,0.1027794,0.20177789,0.13592705,0.24240927,0.14917585,0.10788553,0.36419675,0.4349755,0.3281381,0.3953259,0.18414702,0.1750301,0.2554818,0.057768114,0.1644321,0.06322119,0.16442482,0.23724258
0.1512971,0.084363945,0.1027794,0.20177789,0.13592705,0.24240927,0.14917585,0.10788553,0.36419675,0.4349755,0.3281381,0.3953259,0.18414702,0.1750301,0.2554818,0.057768114,0.1644321,0.06322119,0.16442482,0.23724258
0.1512971,0.084363945,0.1027794,0.20177789,0.13592705,0.24240927,0.14917585,0.10788553,0.36419675,0.4349755,0.3281381,0.3953259,0.18414702,0.1750301,0.2554818,0.057768114,0.1644321,0.06322119,0.16442482,0.23724258
0.1512971,0.084363945,0.1027794,0.20177789,0.13592705,0.24240927,0.14917585,0.10788553,0.36419675,0.4349755,0.3281381,0.3953259,0.18414702,0.1750301,0.2554818,0.057768114,0.1644321,0.06322119,0.16442482,0.23724258
0.1512971,0.084363945,0.1027794,0.20177789,0.13592705,0.24240927,0.14917585,0.10788553,0.36419675,0.4349755,0.3281381,0.3953259,0.18414702,0.1750301,0.2554818,0.057768114,0.1644321,0.06322119,0.16442482,0.23724258
0.1512971,0.084363945,0.1027794,0.20177789,0.13592705,0.24240927,0.14917585,0.10788553,0.36419675,0.4349755,0.3281381,0.3953259,0.18414702,0.1750301,0.2554818,0.057768114,0.1644321,0.06322119,0.16442482,0.23724258
0.1512971,0.084363945,0.1027794,0.20177789,0.13592705,0.24240927,0.14917585,0.10788553,0.36419675,0.4349755,0.3281381,0.3953259,0.18414702,0.1750301,0.2554818,0.057768114,0.1644321,0.06322119,0.16442482,0.23724258
0.1512971,0.084363945,0.1027794,0.20177789,0.13592705,0.24240927,0.14917585,0.10788553,0.36419675,0.4349755,0.3281381,0.3953259,0.18414702,0.1750301,0.2554818,0.057768114,0.1644321,0.06322119,0.16442482,0.23724258
0.1512971,0.084363945,0.1027794,0.20177789,0.13592705,0.24240927,0.14917585,0.10788553,0.36419675,0.4349755,0.3281381,0.3953259,0.18414702,0.1750301,0.2554818,0.057768114,0.1644321,0.06322119,0.16442482,0.23724258
0.1222345,0.084363945,0.1027794,0.1101897,0.46278775,0.24240927,0.14917585,0.20795453,0.08365948,0.4349755,0.3281381,0.41900483,0.20389411,0.1750301,0.2554818,0.17721286,0.12742415,0.06322119,0.16442482,0.08563807
0.13691007,0.084363945,0.1027794,0.12768874,0.4543195,0.24240927,0.14917585,0.20916228,0.0739162,0.4349755,0.3281381,0.3776586,0.1981543,0.1750301,0.2554818,0.18884851,0.13669993,0.06322119,0.16442482,0.096641846
0.14399746,0.084363945,0.1027794,0.13804522,0.44819987,0.24240927,0.14917585,0.21322988,0.069936536,0.4349755,0.3281381,0.3423566,0.19680876,0.1750301,0.2554818,0.19395345,0.14105737,0.06322119,0.16442482,0.112414844
0.15042229,0.084363945,0.1027794,0.15334485,0.44099572,0.24240927,0.14917585,0.2177339,0.06801901,0.4349755,0.3281381,0.31072658,0.20102349,0.1750301,0.2554818,0.18996114,0.1395395,0.06322119,0.16442482,0.12823352
0.15958557,0.084363945,0.1027794,0.17712814,0.43206656,0.24240927,0.14917585,0.22318704,0.06526892,0.4349755,0.3281381,0.27935603,0.21032739,0.1750301,0.2554818,0.17895605,0.13275158,0.06322119,0.16442482,0.14137274
0.18041,0.084363945,0.1027794,0.20115635,0.41793635,0.24240927,0.14917585,0.22780025,0.060095716,0.4349755,0.3281381,0.25378937,0.21970072,0.1750301,0.2554818,0.16313078,0.12185721,0.06322119,0.16442482,0.15412326
0.21053916,0.084363945,0.1027794,0.23845339,0.40014976,0.24240927,0.14917585,0.2218082,0.053692665,0.4349755,0.3281381,0.23356645,0.22601172,0.1750301,0.2554818,0.14165162,0.109606706,0.06322119,0.16442482,0.16452037
0.22333202,0.084363945,0.1027794,0.2771587,0.39191076,0.24240927,0.14917585,0.20771642,0.0487942,0.4349755,0.3281381,0.2217484,0.23469377,0.1750301,0.2554818,0.12108871,0.10126925,0.06322119,0.16442482,0.17228776
0.2242352,0.084363945,0.1027794,0.28715658,0.38949263,0.24240927,0.14917585,0.19837116,0.045371156,0.4349755,0.3281381,0.22347997,0.24454927,0.1750301,0.2554818,0.10889704,0.09635174,0.06322119,0.16442482,0.18209524
0.22467008,0.084363945,0.1027794,0.27658892,0.38610592,0.24240927,0.14917585,0.19524992,0.042910565,0.4349755,0.3281381,0.23264125,0.25319135,0.1750301,0.2554818,0.1036027,0.09312206,0.06322119,0.16442482,0.19191723
0.22529075,0.084363945,0.1027794,0.2839147,0.3796055,0.24240927,0.14917585,0.18832274,0.042506035,0.4349755,0.3281381,0.23346484,0.25927773,0.1750301,0.2554818,0.098511994,0.09331999,0.06322119,0.16442482,0.19578573
0.22529075,0.084363945,0.1027794,0.2839147,0.3796055,0.24240927,0.14917585,0.18832274,0.042506035,0.4349755,0.3281381,0.23346484,0.25927773,0.1750301,0.2554818,0.098511994,0.09331999,0.06322119,0.16442482,0.19578573
0.22515428,0.084363945,0.1027794,0.287235,0.37825924,0.24240927,0.14917585,0.18929629,0.036644794,0.4349755,0.3281381,0.21791983,0.26515648,0.1750301,0.2554818,0.097935535,0.094785206,0.06322119,0.16442482,0.20761336
0.2251921,0.084363945,0.1027794,0.2881604,0.37558955,0.24240927,0.14917585,0.1915658,0.0325092,0.4349755,0.3281381,0.2046871,0.2720969,0.1750301,0.2554818,0.095408216,0.094612256,0.06322119,0.16442482,0.2201785
0.22538091,0.084363945,0.1027794,0.28459716,0.3719968,0.24240927,0.14917585,0.19465952,0.030419406,0.4349755,0.3281381,0.19788364,0.2804247,0.1750301,0.2554818,0.09059867,0.09177819,0.06322119,0.16442482,0.23226102
0.22545768,0.084363945,0.1027794,0.2763196,0.36794853,0.24240927,0.14917585,0.19770001,0.029925143,0.4349755,0.3281381,0.19943266,0.29105017,0.1750301,0.2554818,0.08403546,0.08561845,0.06322119,0.16442482,0.24251227
0.22286461,0.084363945,0.1027794,0.26503038,0.36506617,0.24240927,0.14917585,0.20036463,0.029338142,0.4349755,0.3281381,0.2070299,0.30551103,0.1750301,0.2554818,0.077050544,0.07722005,0.06322119,0.16442482,0.25052455
0.2189403,0.084363945,0.1027794,0.25200012,0.3630668,0.24240927,0.14917585,0.20240234,0.02716046,0.4349755,0.3281381,0.2179486,0.32267278,0.1750301,0.2554818,0.071047425,0.06815967,0.06322119,0.16442482,0.2566015
0.20851003,0.084363945,0.1027794,0.23780257,0.36490276,0.24240927,0.14917585,0.20299509,0.023563527,0.4349755,0.3281381,0.23057742,0.3422035,0.1750301,0.2554818,0.0668938,0.06082018,0.06322119,0.16442482,0.26173112
0.19601023,0.084363945,0.1027794,0.22266357,0.36827743,0.24240927,0.14917585,0.20003864,0.019840706,0.4349755,0.3281381,0.24625964,0.35895464,0.1750301,0.2554818,0.06434294,0.056917,0.06322119,0.16442482,0.2666952
0.1811304,0.084363945,0.1027794,0.20928921,0.3721294,0.24240927,0.14917585,0.19270846,0.017974425,0.4349755,0.3281381,0.26352265,0.37134245,0.1750301,0.2554818,0.06297669,0.05742331,0.06322119,0.16442482,0.271503
0.16811934,0.084363945,0.1027794,0.19943377,0.37268892,0.24240927,0.14917585,0.18279186,0.018421387,0.4349755,0.3281381,0.27998012,0.37862542,0.1750301,0.2554818,0.06259416,0.06214491,0.06322119,0.16442482,0.27520007
0.16811934,0.084363945,0.1027794,0.19943377,0.37268892,0.24240927,0.14917585,0.18279186,0.018421387,0.4349755,0.3281381,0.27998012,0.37862542,0.1750301,0.2554818,0.06259416,0.06214491,0.06322119,0.16442482,0.27520007
0.16811934,0.084363945,0.1027794,0.19943377,0.37268892,0.24240927,0.14917585,0.18279186,0.018421387,0.4349755,0.3281381,0.27998012,0.37862542,0.1750301,0.2554818,0.06259416,0.06214491,0.06322119,0.16442482,0.27520007
0.16811934,0.084363945,0.1027794,0.19943377,0.37268892,0.24240927,0.14917585,0.18279186,0.018421387,0.4349755,0.3281381,0.27998012,0.37862542,0.1750301,0.2554818,0.06259416,0.06214491,0.06322119,0.16442482,0.27520007
0.16811934,0.084363945,0.1027794,0.19943377,0.37268892,0.24240927,0.14917585,0.18279186,0.018421387,0.4349755,0.3281381,0.27998012,0.37862542,0.1750301,0.2554818,0.06259416,0.06214491,0.06322119,0.16442482,0.27520007
0.16811934,0.084363945,0.1027794,0.19943377,0.37268892,0.24240927,0.14917585,0.18279186,0.018421387,0.4349755,0.3281381,0.27998012,0.37862542,0.1750301,0.2554818,0.06259416,0.06214491,0.06322119,0.16442482,0.27520007
