0.16482367,0.33191964,0.17611594,0.27992055

0.16083848,0.32719997,0.17914326,0.29351252

0.15666354,0.31823832,0.1810891,0.3017723

0.15394871,0.3060991,0.18557048,0.30310026

0.15322863,0.28987205,0.19141085,0.30217004

0.15921058,0.26217043,0.1852556,0.29712746

0.16217408,0.22289984,0.17121734,0.28386143

0.15984239,0.17718111,0.14653878,0.2655602

0.15380844,0.13401906,0.120748855,0.24379788

0.14383835,0.10333699,0.097215384,0.2179215

0.12891008,0.08543171,0.07880451,0.18764691

0.113247655,0.076747715,0.06622579,0.16037422

0.10009029,0.07350294,0.05851504,0.13814838

0.09023782,0.072011836,0.05436739,0.117757924

0.08273869,0.06818069,0.052418046,0.100745454

0.07588481,0.059897102,0.051362853,0.08668843

0.07006825,0.049859878,0.050457977,0.0759657

0.06476,0.04109982,0.04961634,0.0674332

0.059503883,0.03469165,0.048693277,0.060078274

0.054044414,0.030542599,0.048232492,0.053075768

0.0485247,0.028057562,0.048634764,0.047009505

0.044583764,0.02679065,0.050340623,0.043675274

0.042910155,0.02630118,0.053735975,0.044887073

0.043992817,0.026431983,0.05936326,0.051045977

0.04832657,0.027007485,0.06783614,0.062065646

0.055884063,0.027765002,0.08000693,0.0761533

0.066283405,0.028235324,0.09723764,0.090722404

0.07892494,0.028089257,0.11752507,0.10355173

0.092066675,0.02756374,0.13658339,0.114392675

0.103610255,0.027293056,0.15198372,0.12392505

0.11351316,0.028002376,0.16289803,0.13272144

0.121726416,0.030368164,0.17032216,0.14075172

0.1291792,0.034895953,0.17865787,0.1483095

0.13890575,0.041264534,0.18982922,0.15689485

0.15231617,0.047268014,0.20231698,0.16867164

0.16942382,0.0500155,0.20887572,0.18415563

0.18767732,0.0483256,0.20957899,0.20026453

0.19920743,0.04501273,0.2009562,0.21184437

0.19679555,0.042032063,0.18128638,0.21303213

0.18123801,0.03995306,0.15385807,0.20278087

0.16020586,0.038301323,0.12664276,0.18477787

0.13774286,0.0366899,0.102628425,0.16622184

0.11797034,0.03437903,0.08531241,0.15038997

0.101361886,0.028700113,0.07190672,0.1392521

0.08872328,0.027502788,0.060332734,0.13344665

0.080115534,0.026349401,0.049874306,0.13222873

0.07587609,0.025156284,0.04143354,0.13277534

0.07475637,0.023941156,0.03612904,0.1339448

0.075574316,0.022749923,0.03307233,0.13592093

0.07725555,0.021694813,0.03152941,0.13807495

0.07895561,0.021031113,0.030769238,0.14006178

0.08115256,0.02074888,0.030771492,0.14162938

0.08532627,0.02066991,0.03188256,0.14258453

0.09344998,0.020298893,0.034517027,0.14446227

0.106842645,0.018926956,0.03886395,0.14761893

0.12482356,0.018926956,0.04454894,0.15318945

0.14518228,0.018926956,0.050879404,0.16412753

0.16407482,0.018926956,0.057162363,0.17823264

0.17996588,0.018926956,0.06253522,0.19542205

0.1884734,0.04863748,0.06793724,0.20460977

0.17774066,0.052271135,0.074771196,0.19314656

0.15048641,0.054066937,0.08343451,0.163326

0.12136816,0.05485332,0.0946766,0.1325686

0.099189244,0.055245914,0.10709001,0.11058343

0.08608515,0.055777077,0.11928789,0.097372666

0.078767896,0.056797937,0.12898535,0.09009749

0.07447568,0.058364995,0.13692687,0.08612845

0.07136237,0.06035858,0.14175096,0.08352767

0.068151675,0.062375575,0.1447444,0.081673734

0.06452481,0.06424354,0.14519775,0.07968202

0.06087612,0.066159315,0.14562969,0.07637596

0.058121152,0.09948833,0.14536454,0.07339344

0.05711538,0.116453186,0.1395942,0.07176922

0.057560764,0.11438626,0.13416825,0.07107421

0.058809195,0.10270869,0.13017933,0.07188259

0.061102584,0.082124665,0.120146334,0.074895054

0.06582131,0.06183961,0.10343878,0.081603736

0.07420919,0.047684487,0.08531435,0.09400612

0.08501401,0.03959585,0.07040538,0.11320056

0.094651744,0.035810877,0.060416564,0.13605623

0.09963901,0.03465857,0.05458099,0.15432748

0.10089703,0.03491233,0.051376056,0.16261728

0.101519495,0.03572646,0.049394444,0.16314852

0.10300469,0.03664912,0.047809627,0.16022417

0.104479015,0.03759658,0.04646443,0.15508246

0.10437762,0.038296334,0.04526486,0.1473362

0.1018484,0.038344134,0.043820865,0.13461734

0.09505419,0.036683556,0.041061096,0.11530224

0.08221772,0.032573514,0.036455967,0.085991934

0.0660083,0.027397627,0.031860564,0.057097353

0.05238699,0.023017824,0.028776852,0.039728094

0.044283465,0.020258566,0.027948253,0.031599823

0.04140628,0.018982943,0.029595716,0.028622571

0.04256679,0.018635707,0.033876013,0.028543

0.046159152,0.018663464,0.04008483,0.030058073

0.050398134,0.018642562,0.04673699,0.03213064

0.05370675,0.018511638,0.052135054,0.033952966

0.055324882,0.018456366,0.055403788,0.03508506

0.05650054,0.018520042,0.05674367,0.03556632

0.05752091,0.01869373,0.056691125,0.03557519

0.05872503,0.01898585,0.056101378,0.035291914

0.0599925,0.019400544,0.055975612,0.035156302

0.0609647,0.020252367,0.057779785,0.035277735

0.062006377,0.022243472,0.063008495,0.036221907

0.06418026,0.026595017,0.072431244,0.03879069

0.068119355,0.03555201,0.084529854,0.04380461

0.07380035,0.053221058,0.09307358,0.051721822

0.07948432,0.08537198,0.09241205,0.061820686

0.08142941,0.12822238,0.084819116,0.0700785
\	
0.07746889,0.15759522,0.07598951,0.07141607

0.06990344,0.16272749,0.06816908,0.065183185

0.06142709,0.16155802,0.061838,0.055721812

0.05402912,0.1586908,0.057818323,0.04718478

0.04802054,0.15326427,0.056118462,0.041450195

0.0427948,0.14858201,0.056254573,0.038666956

0.038662493,0.14406018,0.057530776,0.037733637

0.035438817,0.13989581,0.058746718,0.03807885

0.033211667,0.13545832,0.059610963,0.039486054

0.032275006,0.13153107,0.060027376,0.04231539

0.032832753,0.12950756,0.060937077,0.04735195

0.034861293,0.1267591,0.062249675,0.054341838

0.037944514,0.11759035,0.06350168,0.0618915

0.041217525,0.1005809,0.063206285,0.067896724

0.0433035,0.08067431,0.060337294,0.07067902

0.044323176,0.064149514,0.055420667,0.0715823

0.045353863,0.053262092,0.049939867,0.07278121

0.04757391,0.04751957,0.04531787,0.07619152

0.05114728,0.045555484,0.041943103,0.08257721

0.057618257,0.04666192,0.03947659,0.091396086

0.067300275,0.049873035,0.037538692,0.10171577

0.07871348,0.054248188,0.035932854,0.112582184

0.090035655,0.058822323,0.034757208,0.12325163

0.09989142,0.062766336,0.034079663,0.13331352

0.10948971,0.06629062,0.034083754,0.14243446

0.1200697,0.06984665,0.035035927,0.14997858

0.13081023,0.074072376,0.03713454,0.14859599

0.13895035,0.07999255,0.040541828,0.13986108

0.14283882,0.088967785,0.045830898,0.13034803

0.14244202,0.10299243,0.05387443,0.123635955

0.14352807,0.12306832,0.066731825,0.118995726

0.1489304,0.1480019,0.086439915,0.117199056

0.16052541,0.16932791,0.11195876,0.11735872

0.17319708,0.17178996,0.13045272,0.11746035

0.1819106,0.1524941,0.13068594,0.11548733

0.18649113,0.124938816,0.11623888,0.11052767

0.18371575,0.10068082,0.09986071,0.10321049

0.17697701,0.08405589,0.08685851,0.09547683

0.17005698,0.074802935,0.07876009,0.089715995

0.16542165,0.07021496,0.07448554,0.08637779

0.16343616,0.06760563,0.07226833,0.084221065

0.16314353,0.06530058,0.070652455,0.08314791

0.1651881,0.06316843,0.06835276,0.08353304

0.16828252,0.061620373,0.06530948,0.086600035

0.1724867,0.060753092,0.061893195,0.095443435

0.17485161,0.060899712,0.059421778,0.10758661

0.17280324,0.062173005,0.058670834,0.11455833

0.16855052,0.06477446,0.060014866,0.121120416

0.16128866,0.06884932,0.06276115,0.12889811

0.15483356,0.07460275,0.066540666,0.14015408

0.15134323,0.08275851,0.07196306,0.15358734

0.14818576,0.0932137,0.08009133,0.1673844

0.14585097,0.10458907,0.09148175,0.17885992

0.14293256,0.11086198,0.103903085,0.18479654

0.1386471,0.10951979,0.11313868,0.1817588

0.13309814,0.10243308,0.11778655,0.17382695

0.12611452,0.09547355,0.11869357,0.16498211

0.11980905,0.090606935,0.11730788,0.15801062

0.11549997,0.08839415,0.11468048,0.15379362

0.11230885,0.0890632,0.11110156,0.15151896

0.10839778,0.09124617,0.10794372,0.14655153

0.102565095,0.09305578,0.10284812,0.13659108

0.09515511,0.09281173,0.09664019,0.12260465

0.09133118,0.09103706,0.0912022,0.11030033

0.089822285,0.08937072,0.08996023,0.10209443

0.08971719,0.089237526,0.0937393,0.097254455

0.09069638,0.09094654,0.10036872,0.09485236

0.0921614,0.09394859,0.106854334,0.0922097

0.09469978,0.09811195,0.109883346,0.08943531

0.10059178,0.104027994,0.109553374,0.08786259

0.109215885,0.11240332,0.11030905,0.08799522

0.11880613,0.1244676,0.114416465,0.090467095

0.12475227,0.13780254,0.119542375,0.09506957

0.1274091,0.14906457,0.12572627,0.09808961

0.1280608,0.15426324,0.13373789,0.101031505

0.12902924,0.15331596,0.14202489,0.105662614

0.13391715,0.14717408,0.14895411,0.11198828

0.14417984,0.13796346,0.1508275,0.12091239

0.15669172,0.1271573,0.14545208,0.13126196

0.16979696,0.11762587,0.13458957,0.14367226

0.182802,0.111642554,0.12216611,0.15567848

0.18904413,0.10815989,0.11140667,0.16146281

0.18406434,0.10462261,0.10279325,0.15665472

0.1767365,0.09969591,0.09535092,0.14494787

0.16820168,0.09394704,0.08864187,0.13302895

0.15796389,0.087755024,0.08339849,0.12464071

0.14658085,0.081798844,0.08109338,0.118582115

0.13567004,0.07702476,0.07991405,0.11381268

0.12428536,0.07381871,0.08008093,0.10496705

0.1189923,0.071394704,0.080806985,0.097014286

0.118475705,0.07008222,0.08312371,0.09255687

0.11867771,0.07032054,0.08830437,0.09023847

0.11955501,0.072101295,0.09684283,0.087576404

0.120117575,0.0748419,0.108550206,0.083299726

0.11978165,0.07728874,0.12214726,0.078784

0.11897882,0.078516394,0.1364674,0.07512965

0.11884001,0.07892942,0.15023968,0.07234788

0.11973082,0.0790836,0.16278428,0.071340315

0.12182011,0.08067518,0.17530172,0.07232332

0.12486364,0.08480363,0.18885146,0.074571304

0.12831764,0.08970395,0.19904403,0.0758679

0.13128626,0.092294514,0.19675902,0.07554614

0.13326345,0.09142297,0.18259281,0.07273476

0.1340899,0.089126185,0.16660568,0.068041764

0.13550594,0.08785342,0.1556345,0.06389287

0.13823786,0.087589465,0.15107608,0.06195613

0.13960788,0.0886605,0.15045641,0.0621726

0.13669924,0.0903379,0.15101846,0.06356561

0.13426855,0.09238353,0.15000439,0.06608429

0.13528405,0.09496863,0.14695704,0.069804296

0.13448283,0.09822972,0.14143077,0.07640134

0.13731281,0.101694,0.13583304,0.08452817

0.13893777,0.104655765,0.13198777,0.088430755

0.13847959,0.10740369,0.13027233,0.09114277

0.13495931,0.110102415,0.12993953,0.09507063

0.13331482,0.11369214,0.13374166,0.098980635

0.13628498,0.11964667,0.14101885,0.104820564

0.14352183,0.12766916,0.14918242,0.112208456

0.15402025,0.13610615,0.15564835,0.11907587

0.16381542,0.14080802,0.15817863,0.12287489

0.16867666,0.1363773,0.15690131,0.12130527

0.16867535,0.1256587,0.15340582,0.11411447

0.1675702,0.11500193,0.14931203,0.105167694

0.1670942,0.10679019,0.1432327,0.097240925

0.16785203,0.099228986,0.13407624,0.090796195

0.1686193,0.09147567,0.12290315,0.08496102

0.1716414,0.08356676,0.11255046,0.079453856

0.17401615,0.07655665,0.10662836,0.074897915

0.17655012,0.07107648,0.10420832,0.07251257

0.17939559,0.06665766,0.1021462,0.07333585

0.17917898,0.062177856,0.100709125,0.07566574

0.17491002,0.057524864,0.09923492,0.07705372

0.16243115,0.052964132,0.09807032,0.077302195

0.14765048,0.049059514,0.097220086,0.07829066

0.13743165,0.04541709,0.09736131,0.08189116

0.13006851,0.041626986,0.09840087,0.0856873

0.12081614,0.03827611,0.09970381,0.08773029

0.10859221,0.0359791,0.10000305,0.087988794

0.0939834,0.03490441,0.09881008,0.08574594

0.081410594,0.03427279,0.09718504,0.082631126

0.07323651,0.033446945,0.096364416,0.07984338

0.068734996,0.032143828,0.09563049,0.07795362

0.06689721,0.031212693,0.09508172,0.07752809

0.066156246,0.031201126,0.094136,0.076709166

0.06558531,0.032262646,0.09247313,0.07424276

0.0648659,0.03404037,0.09087906,0.07152108

0.06480378,0.03617873,0.08951508,0.06955456

0.065419026,0.038113277,0.08815083,0.06851434

0.06637354,0.039564528,0.0870446,0.06695421

0.06682279,0.04078373,0.08642007,0.063283175

0.066079915,0.042638864,0.086316,0.05866215

0.06528653,0.04544943,0.08708122,0.053778194

0.06594015,0.04862909,0.08957395,0.05151435

0.0703569,0.051230803,0.094770506,0.051549796

0.07900045,0.0530816,0.10245145,0.05274875

0.08910014,0.05527442,0.111584954,0.05368075

0.09668421,0.05923609,0.12107202,0.05452774

0.10013479,0.06461207,0.13169166,0.05617031

0.10100567,0.06881204,0.13913369,0.0575674

0.099204846,0.068811424,0.13952425,0.058545887

0.095509805,0.06394638,0.13011788,0.058667682

0.09121228,0.05737183,0.11373309,0.05956059

0.08761562,0.052716706,0.09717017,0.062123597

0.08469005,0.051707476,0.08371204,0.06694471

0.08422672,0.05399514,0.073649526,0.07440392

0.08516051,0.058074225,0.06472451,0.08368606

0.0874473,0.061128173,0.05452287,0.09341724

0.08978592,0.06210387,0.043401103,0.10186752

0.09062359,0.062528186,0.033781532,0.107174926

0.09059932,0.064616024,0.027273785,0.10904401

0.08760739,0.068124056,0.023511719,0.10859365

0.08373253,0.07162228,0.021463105,0.10845961

0.0789414,0.073666394,0.020304192,0.108322024

0.07476254,0.07457819,0.019571645,0.10257942

0.072807476,0.075812094,0.019045189,0.09935632

0.0728691,0.07976274,0.018661868,0.099570505

0.075082466,0.08752224,0.018553229,0.10087786

0.07955902,0.0981458,0.018720578,0.102117725

0.08432024,0.109189294,0.019019095,0.10128315

0.086568214,0.11877517,0.0192713,0.09970252

0.08654257,0.12782094,0.019533413,0.09791773

0.08464673,0.14020059,0.020261554,0.09520471

0.083655156,0.15847743,0.022326928,0.09175998

0.08320791,0.18132459,0.02671801,0.08839029

0.08357386,0.20107886,0.034517083,0.08574739

0.08466909,0.2077694,0.046786457,0.084016375

0.085747756,0.19976863,0.06208354,0.0825866

0.08638382,0.1870524,0.071953036,0.080663405

0.08642387,0.17269854,0.068653785,0.079671375

0.09031673,0.15465695,0.057496347,0.08145284

0.093697235,0.13574901,0.04650087,0.08381393

0.0907979,0.11992471,0.038082026,0.08835062

0.084419854,0.10893409,0.032217517,0.08775408

0.07939418,0.10205191,0.028368384,0.08419243

0.07898388,0.09549866,0.025901191,0.08108326

0.08310222,0.0873595,0.024388064,0.079014815

0.09072482,0.07929591,0.02333916,0.080587685

0.099920854,0.069769345,0.02242235,0.084333815

0.1058781,0.058117595,0.021728698,0.08949779

0.10732792,0.04650006,0.021340018,0.093045466

0.10589643,0.038158324,0.021285396,0.096547715

0.102758154,0.033786215,0.021553129,0.09720206

0.09889215,0.03236008,0.022006055,0.09672533

0.09607686,0.032757435,0.022445777,0.09576971

0.09314652,0.034179233,0.022718817,0.0937569

0.08980422,0.03592945,0.02295535,0.0918495

0.086674444,0.03732963,0.023402367,0.08987203

0.08477015,0.037834346,0.02428034,0.08821943

0.08251426,0.037432093,0.025639117,0.08702148

0.077412955,0.036744144,0.027331796,0.08550668

0.06965437,0.036211137,0.028935293,0.0831111

0.06204568,0.036237266,0.030142834,0.08025653

0.05724627,0.037569277,0.030805461,0.07764689

0.055856876,0.040638283,0.030927792,0.07562415
d	
0.05710916,0.045635454,0.03025305,0.074107304

0.059853796,0.05203461,0.029043386,0.073274575

0.06389095,0.056958616,0.027362954,0.07268308

0.068394855,0.05726318,0.024856662,0.07234227
d	
0.072973184,0.056105103,0.021863896,0.072849646

0.07678828,0.054002605,0.018657917,0.0738101

0.0798044,0.052493315,0.015979307,0.07524083

0.082153186,0.052267782,0.0159798,0.077377036

0.085353754,0.053560194,0.015790794,0.080766015

0.09008244,0.0563712,0.015358772,0.08383632

0.095936306,0.060752567,0.014789085,0.082681514

0.1007744,0.06616451,0.014253372,0.07439911

0.09823043,0.07116533,0.013816756,0.061319407

0.0912586,0.073687494,0.013428416,0.05229218

0.0836724,0.071476474,0.011899816,0.04708776

0.077056535,0.071476474,0.0114752175,0.043810833

0.072345965,0.071476474,0.011556696,0.04199254

0.06908347,0.071476474,0.011865586,0.04121631

0.066553555,0.071476474,0.012337196,0.040903818

0.0651144,0.071476474,0.013191627,0.04083259

0.06446074,0.071476474,0.015047827,0.040809315

0.064122014,0.071476474,0.021419378,0.040614642

0.06372218,0.014516955,0.02309771,0.040068805

0.06245566,0.0152881155,0.024330268,0.039016794

0.05982245,0.01627069,0.025235297,0.037619557

0.056750413,0.017313901,0.025944887,0.03628053

0.054990415,0.018266901,0.026540393,0.036340963

0.054329295,0.019005,0.027099768,0.037790723

0.0570149,0.019510623,0.027662871,0.04246328

0.064369336,0.019852052,0.036109556,0.050208684

0.071942836,0.020131096,0.045682095,0.058643144

0.07224031,0.020412097,0.05324561,0.06225141

0.06646245,0.02071125,0.057227377,0.058264855

0.061180208,0.021041298,0.05861031,0.055011895

0.0568828,0.03005843,0.05656586,0.052705463

0.053984977,0.048728835,0.053052723,0.05239172

0.052800868,0.071250185,0.049720604,0.054564394

0.05371577,0.08083644,0.047238216,0.058935598

0.05734794,0.08339646,0.04557148,0.064819016

0.06404665,0.0830397,0.044514775,0.071451366

0.073114626,0.08244304,0.043609343,0.07834949

0.08263454,0.082608074,0.042359784,0.08592955

0.09013846,0.08368043,0.040413238,0.09335477

0.092769,0.08513446,0.037387095,0.1016044

0.092516765,0.08639858,0.03383518,0.10895011

0.09094774,0.087334484,0.030520702,0.11314948

0.09075256,0.087438546,0.027958784,0.115543656

0.09234671,0.085873544,0.026479287,0.116710454

0.0952913,0.083579965,0.026385035,0.11818095

0.09795774,0.08147954,0.026473094,0.11899774

0.098279275,0.07896619,0.025512151,0.116424955

0.09593096,0.076707035,0.023272155,0.11150705

0.09225695,0.068965144,0.021821426,0.106398955

0.08759267,0.05750475,0.021308519,0.10184585

0.083437964,0.046541955,0.021385139,0.09953098

0.08023989,0.04022124,0.021878257,0.09842456

0.08046368,0.037073962,0.022832304,0.09888234

0.08829108,0.0357596,0.0247024,0.1030475

0.10651424,0.035515424,0.027668374,0.112481155

0.13485536,0.035880227,0.029015753,0.12908837

0.16816956,0.03675204,0.031322643,0.15251583

0.20078757,0.038404692,0.034156628,0.17712219

0.22816828,0.040875416,0.03650454,0.20120005

0.25005484,0.043665495,0.037942115,0.22319518

0.26783156,0.045512576,0.03955925,0.24000275

0.27991205,0.04532208,0.04292983,0.246312

0.28091973,0.0431138,0.048912324,0.24125151

0.26994005,0.040100507,0.055845726,0.23057249

0.25324288,0.037753202,0.060314354,0.22040139

0.2379553,0.036590263,0.061474487,0.21058129

0.22554088,0.0370509,0.061474487,0.20299546

0.21761991,0.038527492,0.061474487,0.19843273

0.20967534,0.03892646,0.061474487,0.19532676

0.19862366,0.03851021,0.061474487,0.19128047

0.18359387,0.038078297,0.061474487,0.18454364

0.16648632,0.037787925,0.061474487,0.17513886

0.15051796,0.037337933,0.061474487,0.16125293

0.134808,0.03641651,0.061474487,0.14365996

0.12186892,0.035040736,0.061474487,0.12593581

0.11271426,0.033785228,0.061474487,0.11026818

0.10726116,0.03339643,0.061474487,0.099319555

0.10610447,0.03436079,0.061474487,0.094956785

0.10942807,0.03694627,0.061474487,0.09747078

0.11787666,0.042202495,0.012057795,0.10966879

0.12908499,0.05000049,0.010436181,0.12963223

0.13540836,0.05783888,0.0099699795,0.147878

0.13955177,0.06334478,0.010261827,0.1605063

0.14403835,0.06552514,0.011006601,0.16826735

0.14977665,0.06627384,0.012088259,0.1693987

0.15444277,0.06641931,0.013254414,0.1674753

0.15505722,0.067012414,0.014412955,0.16583379

0.14908476,0.06957161,0.0151613215,0.16432321

0.13863638,0.074781746,0.015052488,0.16090645

0.1279509,0.0830392,0.014241517,0.15617089

0.11909406,0.096316,0.0132544,0.15058112

0.114438824,0.111554995,0.012050768,0.14660753

0.11444153,0.124912545,0.011523669,0.14622915

0.11743909,0.13224804,0.011641463,0.147531

0.12025803,0.13231699,0.012318757,0.15108153

0.11965645,0.10587825,0.013255256,0.15327162

0.115963124,0.104749724,0.013930543,0.15350184

0.109316036,0.10275257,0.014089546,0.15361059

0.100400984,0.10176877,0.013809338,0.15030211

0.09128348,0.10365429,0.0132892225,0.14380895

0.08407567,0.108414,0.012675475,0.13804963

0.08070918,0.114404924,0.012001517,0.13382167

0.08123044,0.11910941,0.011387866,0.13114579

0.083466634,0.121160574,0.011024306,0.12920527

0.0859515,0.12043449,0.01111365,0.12743556

0.08779767,0.11687526,0.012011592,0.124935955

0.08863853,0.10946194,0.014338371,0.12112964

0.08900215,0.10946194,0.019454181,0.11532338

0.08921335,0.10946194,0.028820602,0.109839365

0.089408636,0.10946194,0.026299845,0.104544856

0.09041837,0.10946194,0.022241108,0.10001328

0.09306143,0.16053979,0.020525517,0.09748953

0.09800864,0.14326315,0.020899355,0.10005275

0.10531959,0.11304508,0.02259095,0.10500443

0.11089477,0.080132775,0.025210053,0.10519903

0.10623252,0.054449618,0.027953776,0.08804137

0.08560536,0.04007188,0.029677289,0.06965589

0.06952796,0.032141555,0.030158794,0.056654762

0.060654256,0.02782191,0.029584536,0.048709102

0.05659163,0.025832608,0.028315686,0.044676334

0.053477507,0.025098594,0.026854234,0.042197537

0.05078394,0.025256561,0.02572601,0.04058264

0.04858653,0.02631311,0.02504905,0.039574858

0.047231615,0.026603615,0.024714278,0.039236404

0.046734624,0.026965948,0.025085423,0.039338484

0.04693154,0.027122367,0.025492068,0.040051807

0.047535826,0.02704081,0.025936117,0.041516244

0.04820882,0.026813012,0.026550772,0.043674413

0.048910536,0.026621236,0.02724694,0.04625938

0.049901962,0.026666088,0.027731052,0.049082674

0.051657025,0.027137762,0.027670223,0.052273516

0.05456377,0.028241884,0.027040068,0.056127857

0.058294103,0.03025345,0.026351599,0.06069767

0.062365472,0.03328923,0.027051467,0.06638897

0.06842434,0.038313694,0.031527653,0.072791815

0.075250946,0.045669064,0.042749226,0.07657562

0.07877401,0.053650618,0.059176248,0.07472109

0.07574384,0.05652497,0.06340492,0.06999999

0.070802405,0.052121807,0.04759891,0.063162476

0.064994715,0.048062503,0.034084104,0.056492064

0.061750244,0.048543997,0.025966154,0.051298525

0.059516028,0.051121973,0.020831225,0.046886187

0.05721855,0.053692132,0.017561,0.042444654

0.0545505,0.056040704,0.016635,0.03776904

0.051384438,0.058347024,0.015536909,0.03331681

0.04760819,0.060153294,0.0143988095,0.029745005

0.043664023,0.06112888,0.013343717,0.026922854

0.039927483,0.061169185,0.017154388,0.025627682

0.03716989,0.0607017,0.020310279,0.025196057

0.035720766,0.060541306,0.022498734,0.025628895

0.03552012,0.061499596,0.02377791,0.026688572

0.036180526,0.06404021,0.024393985,0.028152557

0.03714296,0.06753932,0.024758613,0.029821662

0.037879407,0.07046772,0.025359424,0.03165261

0.03806762,0.07046772,0.026732016,0.033862416

0.037961997,0.07046772,0.02971908,0.036534227

0.03788333,0.07046772,0.034776833,0.039216712

0.03778655,0.07046772,0.04118403,0.04166803

0.038306944,0.07046772,0.04112884,0.04426165

0.03972649,0.07046772,0.041264117,0.047588278

0.042860262,0.08871744,0.04146295,0.05271955

0.048713315,0.096212596,0.041711383,0.061424986

0.06034871,0.0999868,0.04461949,0.07669895

0.07846843,0.099590026,0.048850816,0.09795348

0.1012756,0.09660251,0.052926645,0.11924601

0.120620206,0.092817396,0.05311251,0.13271157

0.13160169,0.08946465,0.048964195,0.13776016

0.13452365,0.08781611,0.043343917,0.13793251

0.13455318,0.08793128,0.03899559,0.1372453

0.13624266,0.08873475,0.03726215,0.13713613

0.1424456,0.089941695,0.03783644,0.14386083

0.1522733,0.091023095,0.039509296,0.15661356

0.1611746,0.092644446,0.041245826,0.17500679

0.16732705,0.09495926,0.042440258,0.18495718

0.17071958,0.09592107,0.043028448,0.18896887

0.17577796,0.095640056,0.04310977,0.18794364

0.18317124,0.095507525,0.042690437,0.18691988

0.1932248,0.09621016,0.041885085,0.1917082

0.20149063,0.09935714,0.04110197,0.19991645

0.20663768,0.10590223,0.040875368,0.20888092

0.20949905,0.11606441,0.041877713,0.21755265

0.21502617,0.12823488,0.045265615,0.22675265

0.22359161,0.13751768,0.051341183,0.23230556

0.23237233,0.13464515,0.05680929,0.22849755

0.22891694,0.11844248,0.053466287,0.21047108

0.21133853,0.09666526,0.0438145,0.19325492

0.19219016,0.07832029,0.035658024,0.17815569

0.17668998,0.06489847,0.030452585,0.1691545

0.1661093,0.056114875,0.027659321,0.16463836

0.1603545,0.05095862,0.026334573,0.16128662

0.15607308,0.04813293,0.025598176,0.15546642

0.15019786,0.045811187,0.024828088,0.1486543

0.14753494,0.039496254,0.023712495,0.13910386

0.15075715,0.037325308,0.022331946,0.13440827

0.16070922,0.034761343,0.021048192,0.1332578

0.17487165,0.031962175,0.020046473,0.13554044

0.18842514,0.029237617,0.019421242,0.13783716

0.19597776,0.026887741,0.019225206,0.13615888

0.19116588,0.02519937,0.01963776,0.13060364

0.16898003,0.024296062,0.020784436,0.12205706

0.14020647,0.024146408,0.022907179,0.10775062

0.11609177,0.02475502,0.026048515,0.09206147

0.10124207,0.0261925,0.029677352,0.080830015

0.092317104,0.028637346,0.032838825,0.07377133

0.08810073,0.028637346,0.034960356,0.070269495

0.086701214,0.028637346,0.036304776,0.06897288

0.08537281,0.028637346,0.037554152,0.06743322

0.0811872,0.028637346,0.038746085,0.0614383

0.0734442,0.028637346,0.03975696,0.05158963

0.06378865,0.028637346,0.040667474,0.04380703

0.05482503,0.02289638,0.041473333,0.038107354

0.047672085,0.022216912,0.04219421,0.034270566

0.04234002,0.02270882,0.04282583,0.03176209

0.03866327,0.024083063,0.043148935,0.03024414

0.036754984,0.026086494,0.042862795,0.0295538

0.03685615,0.028545564,0.04191268,0.029703697

0.03934716,0.031335395,0.041136667,0.030964676

0.044475153,0.03425255,0.040847868,0.032957148

0.05000328,0.037008677,0.04079682,0.03425733

0.053117,0.0393046,0.040663432,0.034764465

0.052253556,0.04102244,0.04068239,0.034583036

0.049721867,0.042240303,0.042014208,0.034418117

0.04773628,0.043831605,0.045150016,0.034890525

0.046931088,0.048012078,0.050933693,0.036050573

0.047892157,0.05714133,0.06211881,0.039307762

0.04978645,0.07289125,0.0816852,0.044457138

0.051663127,0.09572595,0.105330095,0.050946858

0.0520316,0.11729801,0.11940626,0.055475373
[	
0.051278256,0.12826194,0.11973701,0.05756286

0.0497184,0.12869367,0.1164121,0.058091294

0.048319973,0.12777454,0.11507085,0.057625867

0.047624696,0.12725045,0.1147296,0.057163496

0.04788799,0.12653837,0.11496822,0.057237577

0.04959007,0.12564512,0.1137611,0.058414444

0.05240551,0.12099764,0.10807136,0.06054951

0.05635487,0.1109788,0.098611884,0.063719

0.06266213,0.09589201,0.08586965,0.06803279

0.07266741,0.08247978,0.07368572,0.07288346

0.085648976,0.07344932,0.06407326,0.07750246

0.09966607,0.068222545,0.056518354,0.08344843

0.11203208,0.065967835,0.050879214,0.088613115

0.12181917,0.06538528,0.047584377,0.091784954

0.12940237,0.06528808,0.046389434,0.09214922

0.13616115,0.06504838,0.046525452,0.09158557

0.1419357,0.06466978,0.04731465,0.091738254
d	
0.14626643,0.064347155,0.048140094,0.09237093

0.14793539,0.06347038,0.048774496,0.092499025

0.14875598,0.061999746,0.049364008,0.09228812

0.14855902,0.05954153,0.050022446,0.09191931

0.14766403,0.05662793,0.051159825,0.09219273

0.14624976,0.053522915,0.053033568,0.09128344

0.14561222,0.050454397,0.055263977,0.08984831

0.14478084,0.040958107,0.05878283,0.091446355

0.14458169,0.04209436,0.06445502,0.094707295

0.14679599,0.042822033,0.07373194,0.09905183

0.1405644,0.0428129,0.07766363,0.09830047

0.12132065,0.042193957,0.06627212,0.08935783

0.09443038,0.041297946,0.05010201,0.075598516

0.07200852,0.04027699,0.039879188,0.06397535

0.05769071,0.039075885,0.034943387,0.057845145

0.049795154,0.037637364,0.03222949,0.055494674

0.046311315,0.036142085,0.03100287,0.05567225

0.045137007,0.032797433,0.03058081,0.057066772

0.044881556,0.031301185,0.030468892,0.05851107

0.044855356,0.03192832,0.030428482,0.059385594

0.044887714,0.034391075,0.030395275,0.059750214

0.044830423,0.038195405,0.030362882,0.05974969

0.04455312,0.06092063,0.030198097,0.06017143

0.04394245,0.064496726,0.029581148,0.06040727

0.04319027,0.06556124,0.02795463,0.06016257

0.04286589,0.06556124,0.025121724,0.05988284

0.04413907,0.06556124,0.022840798,0.060910884

0.048648175,0.06556124,0.021304756,0.0651472

0.059242655,0.06556124,0.020448077,0.07340349

0.07790719,0.06556124,0.020429002,0.08721659

0.10461779,0.06556124,0.020281058,0.10725787

0.13237765,0.06556124,0.020018896,0.12215684

0.14794269,0.085371464,0.019682815,0.12744135

0.15292613,0.10406404,0.019446233,0.12688434

0.1538935,0.11544257,0.019306613,0.1255792

0.15507907,0.11526533,0.01922484,0.124394126

0.16230826,0.10298927,0.01921309,0.12320946

0.16858073,0.10587741,0.019371806,0.12256091

0.16942571,0.11908112,0.01985082,0.1220511

0.16767997,0.15766063,0.020947827,0.11844667

0.16633603,0.16049422,0.023025185,0.115922235

0.16867438,0.15913473,0.027335055,0.11667291

0.17498909,0.1556672,0.035974804,0.12149303

