0.120592766,0.095184,0.08806769,0.1435266

0.11953131,0.096676454,0.07979909,0.14281473

0.11469744,0.09843128,0.073359214,0.14125408

0.1065181,0.101603165,0.06724178,0.13635977

0.09800902,0.10621181,0.06335487,0.1281296

0.089441314,0.11232918,0.06256357,0.11855695

0.08320753,0.11923725,0.06550789,0.108537994

0.078315414,0.12608849,0.07006066,0.098343536

0.072513804,0.13256994,0.07500116,0.08454921

0.0636854,0.13871343,0.079527155,0.067565

0.054046188,0.14439675,0.08235089,0.055429067

0.04676791,0.14912836,0.085130736,0.04812608

0.04117772,0.15233858,0.08900634,0.044273276

0.037057802,0.15535532,0.09561812,0.042241134

0.0345604,0.15829754,0.10552953,0.041661274

0.033718053,0.16111876,0.11769526,0.041998632

0.034625858,0.15986978,0.12651335,0.04287423

0.03372733,0.14158884,0.12884787,0.04203616

0.033397544,0.104662865,0.12400609,0.042221084

0.03345494,0.073909014,0.11137593,0.04335584

0.033480786,0.055445552,0.09635953,0.045052018

0.033186976,0.046642233,0.084704325,0.046817537

0.03209416,0.042251766,0.07617676,0.048257247

0.030807234,0.039416485,0.067583404,0.049661893

0.03044336,0.03721382,0.06262327,0.051968645

0.032417946,0.035135876,0.060312267,0.05688899

0.03942141,0.033268202,0.059507158,0.067219436

0.054172903,0.03191248,0.059245247,0.0835329

0.054172903,0.031306315,0.058543753,0.0835329

0.054172903,0.031450197,0.05684037,0.0835329

0.054172903,0.0321199,0.05416559,0.0835329

0.054172903,0.033255618,0.05125187,0.0835329

0.054172903,0.03510966,0.0492357,0.19095354

0.13287318,0.03826342,0.048905365,0.18159103

0.1175385,0.043647736,0.050337255,0.1727472

0.109732,0.05191363,0.053264707,0.16497937

0.10785071,0.06539275,0.058732655,0.1584582

0.10844476,0.08854272,0.07130023,0.15419039

0.109525315,0.1210613,0.09287847,0.1501764

0.110016845,0.14919442,0.11921306,0.1452436

0.11019214,0.16150488,0.14935383,0.13984041

0.10872301,0.16927068,0.16791752,0.13485533

0.10666832,0.17495987,0.17823218,0.1318404

0.10391273,0.18025859,0.18500696,0.13070491

0.100398794,0.18353581,0.19123176,0.1304925

0.09723544,0.18550287,0.19703014,0.13021374

0.097512186,0.18902977,0.20597689,0.12858343

0.09847015,0.19191179,0.21603537,0.12601212

0.10003408,0.19370654,0.22375354,0.122529924

0.10222429,0.19406685,0.23126158,0.119406976

0.1048324,0.194287,0.24006271,0.116651155

0.107408345,0.19427514,0.24487603,0.11387742

0.10962643,0.1976703,0.24231541,0.112733945

0.11197711,0.20451322,0.23881255,0.11352758

0.11431344,0.21380796,0.23179549,0.11579471

0.11289943,0.22225526,0.22714227,0.119369335

0.10858049,0.23043428,0.22295232,0.12108963

0.10206328,0.23221739,0.216633,0.12100564

0.096351966,0.22876637,0.21164928,0.11891452

0.09201008,0.22285193,0.20976828,0.11599245

0.090523005,0.21542464,0.20958276,0.11441126

0.09427409,0.20945792,0.2006533,0.11496327

0.10061792,0.20273663,0.18699001,0.117075495

0.10322057,0.19265953,0.17040762,0.11988621

0.10359225,0.17747888,0.15470646,0.12126563

0.10156685,0.16076304,0.14073576,0.12094692

0.099668406,0.14494215,0.12779729,0.12140537

0.097627,0.130905,0.115052536,0.123334624

0.09580538,0.11856581,0.10482512,0.12763907

0.0946886,0.10770089,0.09634595,0.13379173

0.09480735,0.09952123,0.088867925,0.14066435

0.096858166,0.0944822,0.082171164,0.14725593

0.102609165,0.091973945,0.076760635,0.15462567

0.11329745,0.09159179,0.072663024,0.16165869

0.120878026,0.09238333,0.07000699,0.1624324

0.121522695,0.09371403,0.06839723,0.15967315

0.118753456,0.09521092,0.06749709,0.15296543

0.11387049,0.0972644,0.066910654,0.14340524

0.10644779,0.09941392,0.066629596,0.12912095

0.09641469,0.101335056,0.06823836,0.11240872

0.08911107,0.10245021,0.07056868,0.095033005

0.08626936,0.102035284,0.0717329,0.08070965

0.08593848,0.10035916,0.07109315,0.06994248

0.085978895,0.09891067,0.07032505,0.06211553

0.086061984,0.09691696,0.07073957,0.05499135

0.08609564,0.09531664,0.07280912,0.049046848

0.085457906,0.09556648,0.07537965,0.0450599

0.08299477,0.09612557,0.07854109,0.042153303

0.072546616,0.09466189,0.08097068,0.039758228

0.07193232,0.088282056,0.0783942,0.03757532

0.07094329,0.07756502,0.071931414,0.03536526

0.06967739,0.06656967,0.06425091,0.033491977

0.06856851,0.05784431,0.057666514,0.03245813

0.06811485,0.052484524,0.050478965,0.032727722

0.068718754,0.04968021,0.041826412,0.034741353

0.07003407,0.04912698,0.03541231,0.038960543

0.071096,0.04947827,0.03143338,0.045565084

0.07039045,0.049805336,0.029324427,0.054154176

0.06457935,0.050328963,0.028274711,0.06362754

0.054790176,0.050858606,0.027829014,0.06362754

0.054790176,0.051075794,0.027477058,0.06362754

0.054790176,0.05051126,0.026778698,0.06362754

0.054790176,0.04949641,0.025646836,0.06362754

0.054790176,0.04854024,0.024310704,0.06362754

0.054790176,0.048531573,0.0230722,0.06362754

0.054790176,0.050309557,0.022077266,0.06362754

0.054790176,0.054080714,0.021346172,0.06362754

0.038417432,0.059100434,0.020807896,0.05202107

0.043321345,0.063512094,0.020497061,0.049647905

0.04771565,0.06548938,0.02064426,0.048501585

0.050790433,0.065759055,0.021754382,0.048477605

0.053164013,0.06675298,0.024993407,0.04948634

0.05507485,0.06748171,0.030384565,0.051316902

0.057164807,0.068537705,0.03583575,0.05406819

0.057164807,0.0705525,0.03709423,0.05406819

0.057164807,0.07332001,0.035036564,0.05406819

0.057164807,0.07383887,0.0316635,0.05406819

0.057164807,0.06969276,0.027776804,0.05406819

0.057164807,0.063049585,0.024275899,0.05406819

0.060356814,0.05670761,0.021783667,0.054440454

0.064514965,0.052249126,0.020249952,0.05422872

0.06894528,0.049969286,0.01961844,0.054799106

0.073257886,0.049635,0.019875575,0.05699939

0.07765977,0.050794527,0.020837855,0.06123404

0.08296175,0.05255113,0.022428364,0.06878954

0.08296175,0.053496398,0.024598219,0.06878954

0.08296175,0.053860717,0.026987817,0.06878954

0.08296175,0.053333316,0.029637579,0.06878954

0.08296175,0.052080344,0.03193268,0.06878954

0.08296175,0.05044419,0.03407718,0.06878954

0.053497538,0.048437245,0.036300585,0.084297806

0.047160383,0.047407757,0.039182138,0.07576659

0.044229068,0.04893638,0.043056488,0.07010727

0.043968216,0.053847387,0.04834887,0.06630074

0.045455452,0.062241588,0.055714585,0.06375174

0.047800973,0.07272944,0.06472785,0.062165756

0.05030609,0.08261608,0.07209155,0.061394975

0.052690152,0.089516476,0.074970305,0.06140617

0.05464874,0.093413115,0.07392733,0.062070075

0.056187995,0.09612002,0.07017922,0.063084476

0.057133336,0.09899198,0.06674212,0.06393083

0.057317805,0.1025066,0.06399472,0.06394244

0.054064218,0.10663378,0.061932985,0.05773692

0.05128759,0.111859195,0.061447073,0.051642068

0.05039892,0.12254109,0.06462321,0.047767874

0.052499563,0.14045012,0.07141765,0.04537415

0.05626684,0.16471091,0.07817723,0.043989148

0.059820373,0.1862535,0.08184196,0.043503504

0.062168203,0.18657614,0.08511856,0.04405801

0.062507115,0.1765933,0.087504596,0.04539452

0.061138593,0.16651557,0.0904025,0.047125954

0.05896614,0.15787543,0.094425075,0.048816267

0.056933377,0.14978702,0.098474175,0.04996189

0.056070767,0.14081773,0.10253293,0.050205544

0.056621943,0.13099547,0.10660265,0.049547963

0.058546457,0.12270772,0.11080818,0.048461232

0.06218992,0.118690304,0.11489735,0.048034035

0.067394756,0.12109771,0.11853788,0.04974815

0.07286201,0.12756725,0.12056842,0.05484115

0.07893309,0.13498741,0.120107085,0.06360296

0.08599004,0.1399229,0.119292885,0.07571546

0.09242869,0.14072064,0.11571902,0.08835696

0.100924775,0.1376739,0.10889208,0.09420581

0.10466189,0.13533413,0.10172797,0.08142802

0.10524474,0.13404655,0.09375055,0.0814809

0.10525547,0.13280994,0.08261823,0.07971266

0.10479451,0.13096957,0.072088815,0.07685872

0.10332099,0.12926488,0.06437097,0.07367798

0.1001865,0.1271781,0.059985735,0.0707297

0.09441652,0.1266221,0.057842273,0.06824214

0.0859821,0.12745991,0.057395324,0.06613491

0.07541963,0.12759861,0.05808866,0.06392412

0.064578176,0.12589307,0.059052713,0.06095017

0.064578176,0.122345835,0.05949475,0.056707963

0.064578176,0.11799358,0.058869425,0.049175482

0.064578176,0.11406925,0.05773788,0.041798275

0.064578176,0.11193742,0.056625817,0.03672833

0.076710545,0.11037381,0.05737711,0.03472944

0.080200255,0.10951457,0.059735917,0.042594634

0.08565488,0.10932161,0.06305084,0.044193685

0.09152814,0.11117833,0.06709578,0.045707706

0.09712855,0.11473207,0.07255861,0.048324592

0.101888984,0.11667295,0.08125761,0.052236076

0.10511464,0.11779416,0.09255807,0.056298785

0.10669282,0.118124,0.10175097,0.05941374

0.1073182,0.12066752,0.10618933,0.060980782

0.10790246,0.12558044,0.10886658,0.061140466

0.10879256,0.13074005,0.11036196,0.06054585

0.10977438,0.13608737,0.11138829,0.059735823

0.112718605,0.1424255,0.112653784,0.060701236

0.117671445,0.14942244,0.113870494,0.062301658

0.12482421,0.1554618,0.115457654,0.06418887

0.13238032,0.16247992,0.11736781,0.06618084

0.13932642,0.17170013,0.119338356,0.06896831

0.14309204,0.179603,0.12032194,0.07331375

0.14205624,0.18209824,0.11917176,0.07829072

0.13923748,0.18403178,0.11795053,0.08296592

0.13598917,0.1873669,0.116066545,0.086253755

0.1322041,0.19205442,0.11439684,0.08873052

0.12932691,0.19561532,0.114880815,0.089755386

0.12559946,0.19777101,0.11744552,0.09131663

0.114056386,0.196443,0.11918915,0.087057106

0.11549548,0.19399568,0.11912994,0.08963811

0.11693454,0.18622448,0.11473591,0.09325105

0.118776605,0.17240855,0.10259159,0.0979282

0.1210768,0.15270461,0.08267928,0.10394149

0.12324042,0.13079403,0.06766976,0.11087357

0.12454934,0.11148999,0.058932833,0.11712261

0.12448688,0.09656121,0.052800722,0.120248616

0.12291194,0.08584966,0.04838281,0.11886276

0.12036002,0.07884386,0.045286756,0.11373119

0.11536267,0.07457027,0.043105647,0.10775835

0.10877954,0.071858205,0.041422136,0.10249654

0.10877954,0.070237376,0.03997485,0.10249654

0.10877954,0.06943701,0.038528606,0.10249654

0.10877954,0.069098525,0.037211012,0.10249654

0.10877954,0.06924278,0.036280703,0.10249654

0.10877954,0.06992443,0.0360444,0.10249654

0.0618093,0.071361534,0.03638937,0.044590753

0.0642041,0.07374355,0.03722121,0.053427294

0.06809188,0.07774516,0.038674247,0.061068054

0.072990954,0.0854283,0.04156151,0.066732146

0.072990954,0.09857469,0.048775405,0.066732146

0.072990954,0.11473678,0.062582105,0.066732146

0.072990954,0.12201228,0.075894095,0.066732146

0.072990954,0.11054455,0.07123976,0.066732146

0.072990954,0.09093357,0.06310476,0.066732146

0.072990954,0.07566512,0.05913199,0.066732146

0.072990954,0.0670479,0.057435703,0.066732146

0.072990954,0.06422414,0.056650404,0.066732146

0.08837104,0.0647492,0.05659439,0.08429603

0.105792835,0.066360965,0.056819286,0.10362244

0.11682733,0.06752781,0.056775756,0.11783447

0.11682733,0.06758466,0.056444883,0.11783447

0.11682733,0.06632091,0.05597974,0.11783447

0.11682733,0.06420731,0.055626597,0.11783447

0.11682733,0.06196444,0.055194374,0.11783447

0.18574008,0.060142484,0.054234408,0.13291852

0.17706999,0.059462707,0.05269809,0.13489598

0.16857125,0.060561437,0.051307585,0.13452192

0.16238089,0.06500686,0.051146638,0.13370101

0.15919936,0.07548275,0.053074278,0.13390425

0.15764394,0.09495301,0.059949446,0.1341149

0.1558396,0.12566653,0.07236427,0.13135679

0.14920057,0.15883218,0.08128032,0.12589386

0.1363953,0.17661558,0.08324169,0.11703327

0.12893756,0.17382714,0.0809722,0.112886995

0.11565394,0.16322152,0.07776839,0.100523084

0.0938348,0.14990751,0.0742929,0.080113605

0.068053655,0.13786416,0.07045468,0.05678196

0.048580904,0.12741536,0.06672051,0.039126318

0.036742903,0.119740084,0.063773975,0.028740244

0.03017397,0.1141165,0.06332006,0.022764202

0.026480684,0.11105527,0.06641262,0.019382976

0.024456348,0.109599516,0.07286477,0.01762801

0.023271047,0.108311966,0.08122901,0.01684868

0.022074724,0.10742297,0.0866432,0.015801525

0.020765323,0.106544375,0.08592329,0.014799818

0.019337438,0.102575764,0.07892939,0.013866711

0.017873755,0.09393031,0.06788055,0.013005251

0.016442398,0.08146712,0.056161962,0.012133024

0.015209528,0.06881068,0.048634708,0.011222889

0.014133569,0.06086622,0.045670148,0.010280437

0.013337152,0.05613043,0.045113675,0.009468104

0.0129676955,0.053500276,0.045622412,0.009038275

0.013233051,0.052230995,0.04694813,0.009260048

0.014390655,0.0517304,0.04858598,0.010532464

0.014390655,0.05145065,0.049998727,0.010532464

0.014390655,0.051198985,0.05077328,0.010532464

0.014390655,0.051068842,0.05082139,0.010532464

0.014390655,0.051162925,0.050409634,0.010532464

0.014390655,0.05132411,0.04977517,0.010532464

0.21201634,0.051085252,0.04924814,0.08973976

0.19503146,0.050684575,0.049056485,0.09601191

0.18341124,0.05086022,0.04947851,0.102628104

0.17595086,0.05244439,0.05069936,0.10800683

0.1700162,0.055792533,0.05362271,0.11175351

0.16342293,0.06252982,0.060983825,0.11424703

0.15631086,0.07134301,0.074596636,0.11532724

0.14922509,0.08037511,0.087543525,0.113902465

0.1400168,0.0888648,0.09175843,0.107177675

0.12329687,0.09592954,0.09470838,0.09225188

0.12329687,0.09941234,0.09664143,0.09225188

0.12329687,0.09663708,0.098796,0.09225188

0.114222765,0.08724486,0.10015505,0.093762994

0.10568285,0.07640472,0.09953734,0.095372565

0.10033367,0.06731722,0.09543881,0.09775197

0.098250255,0.06150641,0.090020366,0.10159112

0.09519238,0.059317514,0.084703095,0.104647554

0.09054553,0.05929359,0.07916051,0.10352902

0.08456557,0.060095146,0.074822396,0.09922426

0.07689301,0.06004086,0.07135436,0.09216905

0.06857637,0.0583359,0.06814039,0.08358436

0.06857637,0.055251762,0.06580713,0.08358436

0.06857637,0.051674843,0.062617525,0.08358436

0.06857637,0.048520353,0.056704674,0.08358436

0.06857637,0.046247166,0.050354507,0.08358436

0.06857637,0.04498234,0.04445554,0.08358436

0.06857637,0.04511529,0.040129457,0.08358436

0.06857637,0.04688116,0.037839796,0.08358436

0.06857637,0.0503337,0.037492767,0.08358436

0.06857637,0.05444502,0.03898647,0.08358436

0.06857637,0.05703822,0.04139517,0.08358436

0.06857637,0.058232494,0.044112545,0.08358436

0.098864935,0.05828238,0.046976756,0.19988155

0.101363696,0.058012918,0.04990978,0.18350455

0.102425605,0.058516376,0.05285672,0.15852408

0.10218865,0.06003829,0.056342896,0.12989455

0.10098392,0.062497105,0.061023973,0.107128724

0.097894825,0.0662523,0.066454224,0.090883456

0.09069049,0.07116901,0.07294067,0.077303484

0.09069049,0.07643737,0.08230773,0.077303484

0.09069049,0.08040974,0.09602222,0.077303484

0.09069049,0.081082314,0.10567086,0.077303484

0.09069049,0.077957414,0.106409945,0.077303484

0.09069049,0.07235737,0.10245777,0.077303484

0.09126115,0.0672566,0.099697,0.073173076

0.09222132,0.063567996,0.09573011,0.06632528

0.09213474,0.061826643,0.0918841,0.057853043

0.09084969,0.06123955,0.0884446,0.049312256

0.08749395,0.06109884,0.08530999,0.04236104

0.082470335,0.061028905,0.08208565,0.038016353

0.082470335,0.06074591,0.07879608,0.038016353

0.082470335,0.060490534,0.0775295,0.038016353

0.082470335,0.060373522,0.07816311,0.038016353

0.082470335,0.06095271,0.07880772,0.038016353

0.16482827,0.06218096,0.0783884,0.13892126

0.16791876,0.06344615,0.076817594,0.13507865

0.16903782,0.066321135,0.074751794,0.1335941

0.16767131,0.072325446,0.07351674,0.13259965

0.16005763,0.08297535,0.07506983,0.12920664

0.14706953,0.09910706,0.08406809,0.119085014

0.124786735,0.11982121,0.09720542,0.105682194

0.095703214,0.14045791,0.1100556,0.0927204

0.07661994,0.1555282,0.116474316,0.07991225

0.06783726,0.16781025,0.11837184,0.07103571

0.06524338,0.17848426,0.119170375,0.067558356

0.0656801,0.186383,0.12018483,0.06675456

0.066888906,0.1932337,0.122188635,0.06511894

0.06900125,0.19745184,0.12613232,0.06356315

0.07101464,0.20052402,0.13055515,0.061733946

0.07260226,0.20105723,0.13136598,0.05974148

0.0740525,0.20126379,0.12975463,0.0579636

0.07574738,0.19905272,0.12816499,0.05651247

0.07766103,0.1940236,0.12630694,0.055566356

0.07989991,0.18771838,0.1269308,0.05548597

0.08252538,0.18141556,0.12950586,0.056346335

0.08630119,0.17776911,0.13060576,0.05811649

0.09179292,0.17500643,0.13230218,0.060742218

0.098406605,0.171579,0.13683482,0.061613224

0.11221875,0.16404347,0.14231414,0.064534105

0.13026762,0.14863701,0.14327386,0.06891245

0.14604232,0.12521985,0.13121617,0.07231503

0.15426275,0.10099661,0.11274617,0.07514351

0.15343624,0.08263002,0.09737532,0.076378085

0.14941475,0.07046997,0.08740439,0.079069026

0.1435017,0.063197844,0.08319907,0.08145573

0.13633443,0.05942746,0.082948916,0.08425918

0.12861583,0.05772728,0.08499567,0.08707836

0.121029206,0.056762163,0.08766359,0.089122176

0.1136002,0.05559604,0.08963393,0.08897785

0.1136002,0.05397523,0.09037202,0.08897785

0.1136002,0.051900044,0.08994343,0.08897785

0.1136002,0.049720086,0.08833031,0.08897785

0.1136002,0.047708005,0.08557628,0.08897785

0.102055475,0.04600581,0.082063965,0.11386099

0.0852586,0.044787847,0.07914284,0.10216893

0.07429166,0.044499382,0.07859779,0.092026785

0.06977354,0.0458537,0.08183516,0.086998984

0.0691849,0.04973271,0.08956359,0.08686171

0.0718357,0.05640451,0.098720685,0.08947735

0.076933354,0.06404992,0.101724885,0.09384746

0.082775526,0.066920705,0.097009756,0.09889027

0.087430276,0.06365274,0.08911713,0.10308204

0.087430276,0.05741983,0.08120991,0.10308204

0.087430276,0.05253808,0.07637336,0.10308204

0.087430276,0.046587594,0.07435613,0.10308204

0.084883995,0.03925588,0.07368082,0.10384403

0.08453069,0.032114893,0.07327925,0.10436418

0.08492434,0.026801543,0.07307435,0.10448748

0.08725945,0.024200875,0.07376779,0.10521855

0.09328489,0.023461863,0.07542734,0.107945055

0.10487335,0.02375372,0.07751125,0.1137949

0.12530617,0.024457062,0.0790053,0.12296028

0.14951843,0.025098847,0.07929696,0.13471897

0.14951843,0.025586387,0.078922756,0.13471897

0.14951843,0.026115326,0.079300694,0.13471897

0.14951843,0.026874837,0.08225739,0.13471897

0.14951843,0.027975854,0.08912944,0.13471897

0.16882777,0.02938815,0.09699258,0.22742337

0.17012236,0.03119634,0.104260474,0.21526894

0.17483732,0.03378396,0.11046519,0.20319004

0.18036695,0.038017415,0.11529737,0.19460125

0.18435726,0.04524038,0.11929058,0.19110857

0.1761963,0.055966265,0.12240438,0.1737066

0.1761963,0.070835225,0.116649725,0.1737066

0.1761963,0.087393224,0.09442423,0.1737066

0.1761963,0.09586138,0.07048438,0.1737066

0.1761963,0.09055651,0.054246977,0.1737066

0.1761963,0.08131122,0.047368266,0.1737066

0.1761963,0.07422682,0.046559505,0.1737066

0.17950265,0.070196345,0.04713064,0.16755183

0.18374503,0.067823954,0.048079282,0.16037998

0.18923691,0.06579861,0.048811466,0.15540355

0.19331938,0.06385366,0.04913391,0.15414459

0.1948416,0.06247418,0.04901636,0.1564804

0.1948416,0.062317804,0.048553966,0.1564804

0.1948416,0.063411765,0.047882054,0.1564804

0.1948416,0.06521859,0.04713174,0.1564804

0.1948416,0.06685644,0.046500072,0.1564804

0.15730216,0.068092935,0.046039168,0.14791457

0.14570558,0.06942491,0.045845818,0.13180853

0.13510135,0.072038904,0.045848485,0.123804726

0.12383028,0.07790003,0.045891225,0.119157046

0.113073066,0.08837621,0.047018733,0.11321676

0.104566984,0.101323314,0.05295936,0.10609776

0.099042684,0.114464104,0.061732825,0.09961018

0.09631512,0.12639509,0.06926263,0.09489462

0.09556327,0.13425058,0.07154792,0.092455015

0.09600235,0.14100811,0.071818426,0.091231

0.09775166,0.14680117,0.07226389,0.09140396

0.10063928,0.15047869,0.07165337,0.09235321

0.09920597,0.15204242,0.07039341,0.089494

0.09671711,0.14914516,0.06994849,0.08784364

0.09437188,0.139165,0.070811845,0.08658846

0.09222207,0.123789735,0.07221866,0.08555128

0.09172804,0.10451301,0.0722978,0.084024705

0.09145541,0.08707011,0.07014449,0.08265371

0.09329679,0.076133505,0.06693076,0.08278565

0.09825327,0.070390016,0.06392002,0.08298962

0.10651499,0.067111455,0.061154503,0.08624431

0.11751218,0.06549213,0.05962058,0.09331846

0.12994973,0.06468881,0.05990788,0.102755405

0.1430599,0.0646518,0.059721787,0.111815915

0.1430599,0.06536625,0.060184266,0.111815915

0.1430599,0.06621896,0.060948,0.111815915

0.1430599,0.06706897,0.06171671,0.111815915

0.1430599,0.06790542,0.061540987,0.111815915

0.13093345,0.06903528,0.06016725,0.10475977

0.1278078,0.07079102,0.05828625,0.09353717

0.12235132,0.07370068,0.056648687,0.083267815

0.11490569,0.078546695,0.056981374,0.074830085

0.10762407,0.085603744,0.06100864,0.06948338

0.10343624,0.09540353,0.06922968,0.06698704

0.10343624,0.110065944,0.07695167,0.06698704

0.10343624,0.12546475,0.08313505,0.06698704

0.10343624,0.11764648,0.08774333,0.06698704

0.10343624,0.09075446,0.08951918,0.06698704

0.10343624,0.0672564,0.09084821,0.06698704

0.10343624,0.053322688,0.09292727,0.06698704

0.10179101,0.04522046,0.096511565,0.059713636

0.10134816,0.04013132,0.1010573,0.054316904

0.10071994,0.03695647,0.10698522,0.050665732

0.09967951,0.035142355,0.112906225,0.048197772

0.09736198,0.03431438,0.11785658,0.04741315

0.09736198,0.034284838,0.11918583,0.04741315

0.09736198,0.034871746,0.117254525,0.04741315

0.09736198,0.035773616,0.114263624,0.04741315

0.09736198,0.036681734,0.11339,0.04741315

0.111226715,0.037518803,0.114143506,0.05199741

0.10785771,0.03846113,0.116493925,0.048381947

0.10786821,0.04011841,0.11787434,0.046960466

0.110034585,0.04349516,0.11910332,0.04667754

0.11362032,0.049574815,0.12042896,0.046769887

0.11807448,0.060678642,0.122093156,0.047427844

0.12222624,0.081069455,0.124695286,0.0488747

0.124417156,0.11307944,0.12777148,0.0506999

0.12542596,0.14968969,0.12977844,0.05262555

0.123805135,0.18038459,0.13099764,0.05416392

0.117858216,0.19361202,0.13148114,0.054483756

0.10847011,0.1998031,0.13307314,0.053999417

0.09962903,0.2036824,0.13714965,0.05317123

0.095283225,0.20324731,0.14215472,0.054332554

0.09516307,0.20125256,0.15103213,0.056279894

0.094045445,0.19417828,0.1621946,0.056421056

0.09483188,0.17820959,0.16509749,0.057707623

0.09514029,0.15154678,0.1554069,0.058904745

0.094634935,0.11959406,0.13476244,0.060062457

0.09304162,0.09111518,0.1194332,0.061036736

0.09011008,0.07193062,0.11191471,0.061818823

0.08567942,0.060293972,0.10685384,0.062284477

0.08018212,0.0535871,0.10265803,0.06224673

0.075086124,0.04956966,0.1000084,0.06166402

0.07167057,0.04722467,0.0994663,0.06092276

0.07148255,0.045891933,0.10090728,0.060957104

0.0756771,0.045034636,0.10299405,0.061984345

0.08546581,0.04447312,0.10411034,0.06678524

0.09946713,0.044064663,0.10298336,0.07635563

0.11907812,0.043815736,0.09954664,0.092567965

0.17859742,0.043801297,0.09484868,0.1448346

0.19538607,0.043948397,0.09069362,0.13916105

0.19538607,0.044327203,0.088469535,0.13916105

0.19538607,0.044916164,0.088435985,0.13916105

0.19538607,0.046022054,0.09115584,0.13916105

0.19538607,0.04797259,0.0983593,0.13916105

0.19538607,0.04955717,0.108788766,0.13916105

0.19538607,0.049828608,0.11380759,0.13916105

0.19538607,0.04878205,0.111592546,0.13916105

0.19538607,0.04852829,0.110475674,0.13916105

0.19538607,0.050155856,0.11034191,0.13916105

0.19538607,0.053425495,0.11230947,0.13916105

0.2118182,0.057437368,0.115361206,0.14631377

0.2118182,0.06124692,0.11834216,0.14631377

0.2118182,0.064253025,0.11987248,0.14631377

0.2118182,0.06670718,0.11966389,0.14631377

0.2118182,0.06895087,0.11865939,0.14631377

0.1438112,0.07112825,0.11680297,0.14631377

0.1291428,0.07357136,0.11525795,0.18040383

0.12052677,0.07707648,0.1138243,0.17770828

0.116482385,0.08336235,0.11306132,0.1700608

0.10971814,0.09450841,0.11330829,0.14444464

0.10971814,0.1119644,0.114514135,0.14444464

0.10971814,0.13523301,0.1178968,0.14444464

0.10971814,0.14884952,0.120048255,0.14444464

0.10971814,0.13120246,0.110047445,0.14444464

0.10971814,0.10004948,0.09349449,0.14444464

0.10971814,0.07531662,0.077769905,0.14444464

0.10971814,0.060551684,0.066683866,0.14444464

0.105351046,0.052545782,0.060193364,0.14444464

0.10267799,0.048352413,0.05708237,0.14364894

0.09962289,0.045974225,0.055972137,0.1423694

0.098646544,0.044506244,0.055287912,0.13899918

0.098646544,0.043544043,0.054044526,0.13899918

0.098646544,0.043184113,0.052745998,0.13899918

0.098646544,0.043178067,0.05156881,0.13899918

0.098646544,0.04327315,0.050678473,0.13899918

0.059177652,0.043549974,0.050685514,0.07625408

0.0648288,0.044522937,0.051769443,0.08344459

0.06855875,0.047138374,0.053886827,0.08899536

0.070373535,0.05236879,0.05722576,0.09427789

0.07125994,0.060967512,0.062547915,0.100518845

0.069414146,0.07298102,0.07002234,0.10458229

0.069414146,0.08817238,0.07850545,0.10458229

0.069414146,0.10438843,0.08494705,0.10458229

0.069414146,0.11520811,0.082354866,0.10458229

0.069414146,0.10858345,0.06575407,0.10458229

0.069414146,0.09443953,0.05125759,0.10458229

0.069414146,0.08252202,0.042753372,0.10458229

0.07931893,0.074916124,0.038718432,0.11856808

0.091466196,0.069541305,0.03674249,0.13459912

0.10090759,0.06635595,0.036140174,0.14975742

0.1004653,0.06425301,0.035937786,0.16127539

0.09596849,0.062373858,0.03536527,0.17155945

0.09596849,0.060264975,0.034269527,0.17155945

0.09596849,0.0580443,0.03286141,0.17155945

0.09596849,0.055508103,0.03125014,0.17155945

0.09596849,0.05298038,0.029448895,0.17155945

0.08484939,0.05075317,0.027590372,0.08170275

0.0819986,0.049383275,0.026087383,0.0796408

0.080678165,0.04907337,0.025650784,0.081189975

0.08046289,0.050207496,0.026986666,0.08511013

0.08153007,0.053185597,0.03068951,0.08966593

0.08373886,0.059290674,0.038639355,0.09369455

0.08681583,0.07022741,0.053918958,0.09582241

0.09064953,0.084363416,0.072230615,0.096306786

0.09418962,0.094302006,0.086004764,0.09520725

0.0963025,0.10096534,0.09350757,0.093400665

0.09715362,0.10676382,0.09695534,0.091357484

0.09619701,0.112588584,0.1016294,0.08963097

0.0925177,0.119467355,0.10341936,0.08734643

0.08784541,0.1269831,0.10462398,0.0853115

0.08323027,0.13383298,0.10558622,0.083273806

0.08063657,0.13925615,0.10660136,0.082215264

0.0815338,0.1460516,0.10876406,0.08290429

0.083362505,0.15409052,0.11094338,0.08405351

0.08331663,0.15946801,0.11231414,0.08034397

0.08280131,0.16000932,0.11012172,0.07712532

0.081510626,0.15025152,0.10005307,0.073439196

0.079463154,0.12690338,0.0840429,0.07014676

0.0766346,0.097716995,0.069538034,0.067519516

0.07332316,0.07490076,0.05948654,0.06597381

0.06995464,0.061065592,0.052711222,0.06516732

0.06705413,0.053351596,0.048023183,0.06465934

0.06522366,0.049136702,0.045516327,0.06406594

0.06501003,0.046921965,0.045157142,0.06382092

0.06707662,0.04548038,0.045765232,0.06489007

0.07260244,0.044536885,0.04632423,0.068234585

0.07260244,0.04380049,0.046219323,0.068234585

0.07260244,0.042928565,0.045411598,0.068234585

0.07260244,0.042176038,0.04420935,0.068234585

0.07260244,0.04203579,0.042823985,0.068234585

0.18782446,0.04289891,0.041525815,0.10268727

0.1924341,0.04516158,0.04047361,0.10531681

0.1969423,0.049008857,0.04006837,0.10555667

0.20176543,0.055692386,0.040983755,0.104351275

0.2053998,0.06647614,0.044290226,0.10412684

0.2062884,0.081922725,0.05019723,0.10482052

0.20321506,0.10086358,0.056383446,0.10546643

0.19471069,0.11755034,0.059666947,0.10516494

0.17336309,0.12566556,0.060708787,0.09999085

0.12641938,0.12049847,0.06070678,0.07716229

0.12641938,0.10237165,0.06305319,0.07716229

0.12641938,0.07826888,0.06780577,0.07716229

0.12486946,0.05861059,0.073320955,0.07762084

0.1203585,0.047914814,0.08150296,0.07668697

0.11434742,0.042145394,0.089231186,0.07426106

0.10752912,0.03874236,0.093910925,0.071153454

0.100118145,0.03656204,0.096983366,0.06856052

0.09141925,0.034947153,0.09977185,0.06726623

0.07987827,0.033562668,0.100711904,0.06659984

0.065807745,0.03230261,0.10111939,0.06743822

0.05569806,0.031060876,0.101271555,0.06788413

0.052333534,0.029899267,0.10112146,0.06716956

0.054408815,0.02927861,0.10102122,0.06621392

0.06122883,0.029517869,0.101446725,0.068617284

0.1033194,0.030797772,0.102422096,0.10495652

0.1033194,0.033362914,0.09692745,0.10495652

0.1033194,0.037190035,0.07063178,0.10495652

0.1033194,0.04248234,0.046268556,0.10495652

0.1033194,0.04937061,0.03237838,0.10495652

0.1033194,0.057822324,0.027051184,0.10495652

0.1033194,0.06313047,0.025203386,0.10495652

0.1033194,0.06313591,0.024550132,0.10495652

0.1033194,0.062097132,0.024826767,0.10495652

0.1033194,0.062096108,0.025551276,0.10495652

0.1033194,0.06321911,0.026325399,0.10853248

0.1033194,0.06511109,0.0270425,0.10853248

0.1033194,0.06710713,0.02781913,0.10853248

0.1033194,0.06852838,0.028767996,0.10853248

