0.21285328,0.17861474,0.21962161,0.19816312

0.21797676,0.16235335,0.2233913,0.20128192

0.22283687,0.16416948,0.22628403,0.2062221

0.22729914,0.20648961,0.226971,0.21226375

0.23191072,0.29390714,0.22476561,0.22076409

0.23957492,0.39112806,0.22442017,0.22725755

0.2537531,0.46826604,0.22162843,0.22531165

0.27023885,0.5178783,0.22008924,0.22358894

0.28437302,0.5501154,0.21810403,0.22882915

0.30625567,0.56970114,0.21385026,0.24866928

0.33703595,0.5808742,0.2027839,0.2846787

0.36621922,0.58391154,0.18570241,0.31239653

0.36621922,0.58179235,0.16322899,0.31239653

0.36621922,0.58483624,0.14570601,0.31239653

0.36621922,0.5879777,0.13377468,0.31239653

0.36621922,0.5895594,0.12748335,0.31239653

0.5460844,0.59029955,0.12677515,0.63693607

0.52496606,0.590153,0.13182512,0.6144908

0.49934864,0.5898197,0.14176096,0.582683

0.47386286,0.5881729,0.15461032,0.55003124

0.4506022,0.5775648,0.17007752,0.52212536

0.4315815,0.5484165,0.17685412,0.50083345

0.4175311,0.49352854,0.17637569,0.4818649

0.40921763,0.41983828,0.1767398,0.4666296

0.40808427,0.3503993,0.1796488,0.45614743

0.4103948,0.30048424,0.16905725,0.44801387

0.41209468,0.25918967,0.15909475,0.4374337

0.41209468,0.24560358,0.15544948,0.4374337

0.3982232,0.25610015,0.15955436,0.42129886

0.38042808,0.30507168,0.17671835,0.39205348

0.35514495,0.3549469,0.21228804,0.35001004

0.3343611,0.3996253,0.2591629,0.3141768

0.3295284,0.43582022,0.30407253,0.29484463

0.34058544,0.4577173,0.33763298,0.2921934

0.36013755,0.46931753,0.35763836,0.2995855

0.38632223,0.47384664,0.36665624,0.31380537

0.4159865,0.47427326,0.36949116,0.32726747

0.44608143,0.47232777,0.37012738,0.33672702

0.4347114,0.46961632,0.37284473,0.3446383

0.39148548,0.4666629,0.3864528,0.3385718

0.31303802,0.463848,0.39903486,0.32539856

0.22326006,0.4614967,0.40765527,0.3285891

0.21522765,0.46403524,0.42335695,0.31071344

0.21123195,0.46520808,0.44917077,0.29513946

0.21066914,0.4583748,0.46782005,0.27972797

0.20825791,0.44632614,0.4567652,0.25983298

0.1996462,0.42379987,0.43220282,0.23773059

0.18678045,0.40694565,0.40372273,0.21477021

0.17367306,0.38810903,0.37042415,0.19391185

0.16709171,0.36944613,0.3448364,0.18076843

0.17375019,0.36542872,0.33121786,0.17465301

0.18993998,0.38027182,0.32319388,0.17096801

0.20782013,0.40408152,0.31686085,0.17008704

0.2230757,0.42275634,0.30915713,0.16393842

0.23715194,0.42519122,0.30055812,0.16307403

0.24321237,0.40963238,0.29393435,0.16109362

0.24327196,0.38961768,0.29192337,0.15808927

0.24357234,0.36765426,0.29451957,0.15477183

0.25085726,0.3578586,0.29841793,0.15794113

0.26349196,0.35332114,0.2911467,0.16818133

0.27733746,0.34607616,0.27346468,0.18050382

0.29303765,0.3362523,0.24766508,0.19641867

0.31268308,0.325556,0.22450122,0.2150137

0.33859083,0.31580216,0.20726264,0.24008508

0.36784413,0.30806246,0.19117811,0.27399722

0.39672604,0.30234823,0.18142721,0.31644487

0.4137279,0.2989083,0.17785504,0.3570427

0.41398668,0.2983554,0.18107724,0.37618315

0.41504815,0.29973,0.18995912,0.38536116

0.41840294,0.30862594,0.20336653,0.39474455

0.42732316,0.32856834,0.21528488,0.40678516

0.44291073,0.35969996,0.22681603,0.4224873

0.46503028,0.39697278,0.24357887,0.4409791

0.49829894,0.4331554,0.27007684,0.46512896

0.53635323,0.46403956,0.30211043,0.49359822

0.566618,0.4877462,0.3291552,0.51694053

0.5868673,0.5000886,0.35377443,0.5441786

0.5985864,0.50742793,0.37258857,0.57421696

0.5986775,0.51351476,0.38372153,0.6059956

0.5986775,0.5153033,0.3869177,0.6059956

0.5986775,0.51422787,0.38412955,0.6059956

0.5986775,0.5104553,0.3759778,0.6059956

0.5986775,0.50686496,0.3639867,0.6059956

0.20624174,0.5024116,0.35237595,0.3045903

0.21320692,0.49571654,0.35090932,0.30991012

0.22247389,0.48385695,0.35286862,0.31983614

0.23100002,0.45910642,0.35531664,0.33263522

0.23691353,0.42112082,0.35024676,0.34484714

0.24155302,0.37718996,0.3328953,0.35265225

0.24585642,0.33569172,0.3064959,0.35854998

0.25324234,0.30446967,0.2768375,0.37222195

0.26746285,0.2873444,0.2535701,0.3983877

0.285906,0.2822259,0.23749188,0.41351897

0.285906,0.28431186,0.22864996,0.41351897

0.285906,0.30093807,0.22966658,0.41351897

0.29559562,0.3364644,0.23657332,0.43423977

0.3146862,0.38434374,0.24942903,0.45616105

0.34374917,0.43207437,0.2712784,0.47704017

0.3751392,0.47065124,0.29237005,0.49543253

0.4004012,0.5003085,0.31039488,0.5133007

0.41299242,0.5190371,0.3217521,0.5305582

0.42309275,0.530372,0.32655346,0.542983

0.4360106,0.5379761,0.32717785,0.55808115

0.45211974,0.54392034,0.32525542,0.57805604

0.45211974,0.5484488,0.32234547,0.57797784

0.45211974,0.55057395,0.31999862,0.5729696

0.45211974,0.5495006,0.31998092,0.545661

0.45211974,0.5438626,0.32308292,0.5525163

0.5400255,0.53554744,0.3285807,0.55320257

0.53241706,0.52694434,0.33346286,0.54428774

0.51793,0.51539046,0.33421636,0.52529204

0.47646093,0.4960923,0.33324683,0.47854483

0.47646093,0.46306893,0.33920425,0.47854483

0.47646093,0.4251919,0.35908568,0.47854483

0.47646093,0.4058233,0.37064302,0.47854483

0.47646093,0.42723894,0.36823502,0.47854483

0.47646093,0.48246324,0.37734187,0.47854483

0.47646093,0.5374236,0.40420902,0.47854483

0.47646093,0.576539,0.43271038,0.47854483

0.47646093,0.6021566,0.4537362,0.4767607

0.4849383,0.6202257,0.4648225,0.4706035

0.4808154,0.6256845,0.4692702,0.45472395

0.45470914,0.6275134,0.47014943,0.42171907

0.45470914,0.63067406,0.4688356,0.42171907

0.45470914,0.63468957,0.46634176,0.42171907

0.45470914,0.6371256,0.4600545,0.42171907

0.45470914,0.6369881,0.45347178,0.42171907

0.45470914,0.63633436,0.4483337,0.42171907

0.14123744,0.63341165,0.44325858,0.42171907

0.14003815,0.62746775,0.43687055,0.06433177

0.13219325,0.6156619,0.4264988,0.07636378

0.12216231,0.5938086,0.40987018,0.093199

0.112634934,0.5578056,0.38672027,0.11070087

0.10563381,0.50890505,0.35532826,0.123886436

0.101646505,0.45558184,0.32259482,0.1314008

0.09936389,0.40770793,0.30277747,0.13167794

0.10061987,0.3661551,0.29583392,0.12914985

0.10538982,0.3234147,0.28916952,0.12707448

0.10817588,0.28295216,0.28718284,0.12824778

0.11541528,0.24987033,0.2791275,0.13820426

0.1335145,0.23716292,0.2716796,0.15670921

0.16081405,0.2499387,0.26694396,0.19455245

0.19949283,0.277631,0.2767721,0.23440179

0.24230446,0.31659818,0.30348447,0.2716376

0.2868022,0.3531573,0.3411064,0.3010365

0.33013514,0.383451,0.37575144,0.3228717

0.3629334,0.40024582,0.39197892,0.33777237

0.38766116,0.40735278,0.3934346,0.3472036

0.40279558,0.4071194,0.37555665,0.35448793

0.410347,0.40149122,0.34851438,0.36274514

0.41296613,0.39358976,0.32217672,0.36652175

0.41225114,0.3884502,0.3017584,0.3695303

0.41015667,0.3904698,0.2915263,0.37155947

0.42086658,0.3969033,0.2893377,0.37946162

0.43001595,0.41331095,0.288229,0.38371173

0.4371322,0.4220612,0.29078886,0.38509646

0.44490603,0.42442322,0.2944138,0.38550314

0.45257443,0.43048334,0.29473808,0.3790472

0.44834828,0.43830547,0.2885898,0.36566895

0.42652047,0.44210312,0.27274224,0.34549132

0.38493225,0.4408433,0.25146323,0.32315707

0.3310272,0.4382196,0.23463012,0.3014033

0.27308393,0.43657464,0.2325375,0.28086534

0.21723033,0.4360661,0.24601854,0.26397312

0.20215772,0.43740824,0.27068922,0.21927768

0.19007955,0.44145486,0.29898712,0.20691875

0.19621286,0.44794184,0.32591325,0.22053693

0.20391701,0.45523837,0.35014474,0.23111628

0.21895035,0.46024424,0.36814275,0.24874501

0.2475396,0.45957252,0.38101307,0.25657445

0.2754355,0.45029145,0.39264613,0.25768834

0.29484826,0.43166387,0.39962327,0.26055685

0.31093812,0.41188386,0.4130094,0.2715839

0.325065,0.39966583,0.4176868,0.300891

0.325065,0.4044754,0.4013936,0.300891

0.325065,0.41237465,0.37105632,0.300891

0.325065,0.41206023,0.3324061,0.300891

0.325065,0.42424107,0.30821314,0.300891

0.325065,0.44614863,0.29389206,0.300891

0.33443886,0.47011968,0.2819536,0.31743476

0.35121676,0.49190056,0.27187347,0.33457884

0.37405953,0.5040982,0.26317322,0.34662703

0.39773956,0.5076573,0.255913,0.35679108

0.4213327,0.50661826,0.25065848,0.36607566

0.44065416,0.504809,0.24713589,0.37869748

0.44065416,0.5054484,0.24349047,0.37869748

0.44065416,0.50790703,0.23775105,0.37869748

0.44065416,0.51058483,0.22944206,0.37869748

0.44065416,0.5124142,0.22012126,0.37869748

0.44065416,0.51342255,0.21290502,0.37869748

0.3981014,0.51229024,0.21049911,0.16293597

0.42625764,0.50838184,0.21314749,0.16281115

0.4408507,0.49877325,0.2253515,0.16325054

0.44313118,0.48075402,0.2491961,0.16712965

0.43710893,0.4514329,0.2650703,0.17365497

0.42499268,0.41716766,0.26455668,0.18177487

0.4087237,0.38430688,0.25809947,0.19055142

0.39272672,0.36130974,0.24896754,0.20056571

0.37430808,0.34878552,0.23875897,0.21068649

0.35784897,0.3452277,0.22720125,0.21849652

0.34213856,0.3479014,0.2111156,0.21903971

0.3243413,0.3454064,0.20863958,0.212104

0.3287906,0.34258506,0.22189388,0.21740906

0.3298724,0.33887297,0.23732048,0.22449997

0.32253137,0.3364258,0.24734494,0.23273519

0.3029647,0.34322694,0.24917027,0.24344705

0.27257743,0.36138904,0.24449898,0.25509253

0.23776938,0.38502842,0.23679641,0.26770952

0.20702414,0.4085388,0.23049356,0.27855575

0.1848893,0.4264531,0.22714618,0.2892792

0.17116271,0.43676895,0.22590287,0.29745853

0.1649406,0.44060957,0.22657636,0.3040587

0.16593683,0.4403759,0.23025052,0.30871767

0.16593683,0.43806726,0.23469296,0.30871767

0.16593683,0.43307865,0.23518395,0.30871767

0.16593683,0.42554453,0.22680451,0.30871767

0.16593683,0.41710183,0.21514341,0.30871767

0.13067104,0.41639766,0.2074882,0.10627341

0.12105369,0.41773704,0.1914103,0.10366021

0.11469278,0.41682312,0.18656012,0.10250666

0.1105844,0.40845248,0.1801369,0.10297994

0.108126394,0.38550335,0.17253733,0.103679225

0.10663528,0.34021252,0.16703829,0.103927046

0.10660208,0.28145394,0.16494226,0.103391886

0.1083401,0.23187602,0.16062348,0.103198126

0.11202603,0.20897739,0.15704517,0.10417722

0.11726931,0.20894326,0.1518393,0.1063403

0.122212574,0.21836391,0.14554578,0.10870791

0.12528132,0.22834738,0.13911733,0.11042164

0.12280267,0.23670058,0.13376041,0.11007587

0.12151364,0.24283253,0.13105434,0.1131302

0.12110863,0.24779,0.13198596,0.12031024

0.12590934,0.25327843,0.13588922,0.13498165

0.14397062,0.25994068,0.1437264,0.16121815

0.17463666,0.26616892,0.15183747,0.19860746

0.20953852,0.2731748,0.15686002,0.24451473

0.24821791,0.27656972,0.15523387,0.29491997

0.28722256,0.27850643,0.15355386,0.34768903

0.3283936,0.27873296,0.1508776,0.397235

0.35944661,0.2782226,0.15241681,0.44324654

0.38507158,0.27813774,0.16255769,0.48273996

0.4011496,0.27711883,0.17725545,0.51103204

0.41233292,0.2783009,0.191957,0.5316878

0.42367068,0.28548148,0.20747276,0.55102986

0.43764886,0.3010152,0.22281583,0.5677649

0.4540142,0.32518518,0.23999031,0.5824118

0.4716108,0.3594032,0.26592395,0.5981261

0.48773313,0.39787805,0.29827392,0.6125699

0.50086594,0.4256577,0.32844928,0.628543

0.5082181,0.44414538,0.3509993,0.6461913

0.5114857,0.45421743,0.36200237,0.66212815

0.5140373,0.4595249,0.36474267,0.67395604

0.5188038,0.4624475,0.3649439,0.6842421

0.5262856,0.463826,0.36602992,0.6842421

0.5262856,0.4639215,0.3656951,0.6842421

0.5262856,0.46341705,0.36524835,0.6842421

0.5262856,0.46339574,0.3614425,0.6842421

0.5262856,0.46423504,0.3565008,0.6842421

0.22715633,0.46541035,0.34887028,0.24551745

0.20692258,0.46485218,0.33932534,0.2076175

0.196231,0.4599964,0.32689542,0.18353845

0.1957515,0.4444587,0.30627793,0.1724995

0.2044766,0.42084596,0.2733634,0.17392166

0.22358303,0.39433092,0.22909139,0.1886158

0.24624142,0.35141164,0.1891787,0.21115513

0.26977596,0.3152044,0.16698594,0.23315674

0.28718865,0.2885551,0.17074606,0.24950576

0.2930853,0.27339688,0.19329624,0.2581654

0.2934935,0.26325962,0.21294616,0.26145267

0.29045686,0.25484937,0.21714997,0.25996

0.29082653,0.24676278,0.21399556,0.24800302

0.29543576,0.23677316,0.20688853,0.2502317

0.3027432,0.22190474,0.19801645,0.2643357

0.3115737,0.20053823,0.1919104,0.28644684

0.31960997,0.17421289,0.18982916,0.3120968

0.3251625,0.14707898,0.18880469,0.33279315

0.32861322,0.125529,0.18871146,0.3449457

0.32622796,0.11719224,0.1899321,0.34745345

0.31453195,0.12399766,0.19174589,0.33839566

0.29072714,0.14400952,0.19834599,0.32547972

0.26842856,0.17222749,0.20998476,0.3074204

0.23818369,0.19922112,0.219991,0.2821081

0.22993186,0.2310752,0.22356929,0.28068137

0.22742411,0.2754681,0.22104889,0.2819825

0.22891611,0.33802602,0.21167246,0.28479218

0.23082738,0.41103277,0.2045973,0.28776464

0.22989531,0.47962853,0.21492837,0.28895783

0.22540952,0.5332792,0.24379073,0.28641546

0.21915983,0.57128185,0.27861917,0.27924165

0.21465006,0.5955908,0.30508524,0.26938435

0.21456549,0.61040556,0.32279384,0.26085252

0.22014566,0.6188778,0.3344835,0.2572638

0.22968495,0.62406963,0.34173775,0.26222536

0.22968495,0.62734056,0.3450019,0.26222536

0.22968495,0.6263265,0.34461108,0.26222536

0.22968495,0.62370473,0.34052068,0.26222536

0.22968495,0.6201848,0.33524674,0.26222536

0.43865865,0.6143917,0.3324778,0.47338638

0.4176985,0.60172325,0.33316466,0.4378692

0.39947298,0.5953235,0.341057,0.39131564

0.37902677,0.5964616,0.3515309,0.34829855

0.3573048,0.5965451,0.358833,0.31552967

0.3415188,0.5910843,0.3637064,0.30622366

0.3298295,0.5790884,0.3821118,0.3137127

0.32225078,0.5652323,0.40759045,0.3235823

0.31702933,0.55468714,0.41522416,0.32641464

0.31278262,0.5453771,0.4174426,0.32223073

0.3079171,0.53796446,0.4155684,0.3136235

0.3022651,0.5325879,0.41297927,0.3030415

0.27851266,0.52943575,0.41161364,0.2834863

0.2659842,0.52832323,0.4105462,0.26636535

0.26032618,0.5278288,0.4087471,0.25251198

0.2599379,0.5238161,0.4046671,0.24497207

0.2614498,0.51042706,0.39635098,0.24428388

0.2609876,0.48500654,0.37540776,0.24632037

0.25352988,0.44871712,0.34759185,0.24440189

0.2434516,0.3989341,0.32082292,0.23336476

0.2414759,0.34462348,0.30361485,0.21732026

0.24449295,0.30406693,0.2939862,0.2032861

0.24593613,0.2863779,0.29553124,0.19570564

0.24046515,0.28920743,0.30776265,0.18215322

0.24172957,0.30043957,0.3221455,0.17871535

0.24299322,0.31276804,0.33395725,0.17489687

0.2458187,0.3275739,0.3406601,0.17560503

0.24903293,0.35144234,0.3405789,0.17903179

0.24948388,0.38817576,0.32736748,0.18274659

0.24450392,0.42754337,0.31180987,0.1842042

0.2315208,0.46356833,0.2988487,0.17907771

0.21151921,0.48929575,0.29210684,0.16525178

0.19220503,0.50190955,0.28847444,0.14666839

0.1795723,0.50706077,0.28354728,0.13226031

0.17836104,0.5078252,0.27513033,0.1291909

0.19110197,0.5053211,0.263683,0.14582056

0.19110197,0.5016849,0.24869668,0.14582056

0.19110197,0.5002198,0.22439152,0.14582056

0.19110197,0.50225455,0.19631504,0.14582056

0.19110197,0.5091494,0.16884653,0.14582056

0.19110197,0.5149893,0.1469127,0.27514535

0.34007794,0.5181414,0.13521174,0.2689274

0.3437485,0.5157699,0.13468163,0.2540304

0.34287983,0.50633126,0.14409718,0.23369312

0.33869955,0.48534268,0.1606263,0.2164269

0.33623502,0.44996262,0.18425092,0.2069209

0.33761778,0.4013876,0.21391849,0.20538181

0.3401265,0.35152987,0.23773572,0.20906574

0.3400962,0.31817627,0.24992448,0.21583103

0.33480588,0.30618006,0.2626002,0.22058013

0.3228762,0.3017683,0.28665444,0.21864656

0.30812418,0.30708125,0.321848,0.21393403

0.29151365,0.31409994,0.35679963,0.2044458

0.2729343,0.32037368,0.38301936,0.19693421

0.25714028,0.3248645,0.4021048,0.19023986

0.24356954,0.3286757,0.41251794,0.18704697

0.23139809,0.33008945,0.41730842,0.18957582

0.21370746,0.32349798,0.41231927,0.19792236

0.20561205,0.32212624,0.40328774,0.20477244

0.19601358,0.3126928,0.39224082,0.21216947

0.18377297,0.29066205,0.3815482,0.21931821

0.16725801,0.28902504,0.37152088,0.22347152

0.1469036,0.30314085,0.35963443,0.2231516

0.12598301,0.33294365,0.34899324,0.21855716

0.10864694,0.358858,0.33395693,0.21267799

0.0958322,0.37279767,0.31461152,0.2085417

0.08876585,0.3776606,0.29117402,0.2061295

0.089543104,0.37802514,0.26677856,0.20797785

0.097914584,0.37696382,0.24434169,0.21516353

0.097914584,0.37680376,0.2263567,0.21516353

0.097914584,0.378374,0.21338561,0.21516353

0.097914584,0.38205245,0.20526418,0.21516353

0.097914584,0.38733643,0.20037247,0.21516353

0.47943264,0.39257166,0.1938393,0.28145278

0.4494111,0.39553323,0.18404236,0.259829

0.41688555,0.39453867,0.17553304,0.23127323

0.38670605,0.3871994,0.17391329,0.20222692

0.38670605,0.3725879,0.17905839,0.20222692

0.38670605,0.36928812,0.18585923,0.20222692

0.38670605,0.39745942,0.19225788,0.20222692

0.38670605,0.4585973,0.20391725,0.20222692

0.38670605,0.4999353,0.23455825,0.20222692

0.38670605,0.5287929,0.27754658,0.20222692

0.38670605,0.55272067,0.31776956,0.20222692

0.38670605,0.5693904,0.35184056,0.20222692

0.367201,0.57887006,0.37153763,0.18782125

0.33884862,0.5814255,0.3782123,0.16076127

0.30419624,0.58078694,0.38068843,0.12742615

0.30419624,0.57540053,0.38150033,0.12742615

0.30419624,0.56931263,0.3840926,0.12742615

0.30419624,0.56281304,0.38987324,0.12742615

0.30419624,0.556305,0.3922792,0.12742615

0.30419624,0.54615873,0.39520127,0.12742615

0.25208598,0.5334716,0.39503884,0.24913785

0.28496426,0.51965594,0.39224958,0.26932392

0.31375852,0.5031927,0.38367432,0.28922892

0.33580178,0.48030984,0.36505005,0.30693024

0.35061333,0.44565937,0.33397046,0.31994763

0.35818115,0.3918688,0.2913992,0.32616913

0.36034742,0.3191414,0.24603572,0.32649797

0.35934585,0.24503961,0.20943259,0.32418272

0.3563988,0.19428554,0.18681878,0.32195273

0.35360247,0.16713847,0.17366691,0.32129967

0.3521802,0.15066507,0.16426381,0.32198104

0.35323036,0.13705094,0.15679826,0.3236293

0.36497614,0.12445307,0.15244773,0.33674005

0.38382673,0.114630245,0.1500273,0.35606068

0.4092318,0.10814316,0.14619046,0.38688135

0.44337896,0.103323415,0.1437947,0.4315578

0.48241767,0.098619886,0.14400415,0.48519024

0.51203644,0.094360664,0.14613517,0.5288931

0.5226635,0.09239919,0.14941023,0.5593563

0.5213792,0.09348941,0.15501477,0.5654781

0.5074778,0.09765514,0.16231373,0.55783635

0.5021839,0.104883306,0.16876522,0.54344803

0.52569175,0.11130304,0.17595801,0.5468101

0.5547992,0.11381029,0.1833317,0.562771

0.5777329,0.11497016,0.19046237,0.5749375

0.5924319,0.1165674,0.19655244,0.5823398

0.5985482,0.12095873,0.19640766,0.5854059

0.5974706,0.12863253,0.19371784,0.584813

0.5913894,0.14335008,0.19174284,0.58083373

0.57706535,0.1623212,0.19510482,0.57216495

0.5612895,0.18346378,0.20351268,0.557138

0.5421262,0.20051908,0.21595782,0.53602636

0.5404872,0.21629483,0.23089707,0.52428275

0.5425392,0.2367821,0.2467557,0.51568985

0.5465147,0.2537332,0.26271173,0.511974

0.54750407,0.2746254,0.27858725,0.5101254

0.5417545,0.30273262,0.28978726,0.5089292

0.53179973,0.3328241,0.2990488,0.5062393

0.5087998,0.35297957,0.32149014,0.49368146

0.4693678,0.36490887,0.34765744,0.46144706

0.4123217,0.3718694,0.37078726,0.41720825

0.37161586,0.37649202,0.38685372,0.37501714

0.35765716,0.38036582,0.3973502,0.35191724

0.5447233,0.38426307,0.40707982,0.45045528

0.64542794,0.38835517,0.41802943,0.54563123

0.6983472,0.3922823,0.4233058,0.60006064

0.7274362,0.3956904,0.42938432,0.6286938

0.6948238,0.3985985,0.43631795,0.59358597

0.6584665,0.40010095,0.44500667,0.55578434

0.61248213,0.3987831,0.45336893,0.5194528

0.5619855,0.39160454,0.4672474,0.47395042

0.51171184,0.38167456,0.48482108,0.42109376

0.47745472,0.3880912,0.4956078,0.38213685

0.47745472,0.41271102,0.49429408,0.3676235

0.47745472,0.43190685,0.48172495,0.3676235

0.47745472,0.4057014,0.42925242,0.3676235

0.47745472,0.37724665,0.32653213,0.3676235

0.47745472,0.36754334,0.25353515,0.3676235

0.44188112,0.37415662,0.22632116,0.33878735

0.37956285,0.38607708,0.22477414,0.29964855

0.30953044,0.39136526,0.22365387,0.25822726

0.24906577,0.39044115,0.21966869,0.2232213

0.2184401,0.38502678,0.21163619,0.20453951

0.21820374,0.37856737,0.19900443,0.20182067

0.21820374,0.3721349,0.18296392,0.21061338

0.21820374,0.3665771,0.16545591,0.21061338

0.21820374,0.36388513,0.14952159,0.21061338

0.21820374,0.36519215,0.13756207,0.21061338

0.21820374,0.3677851,0.13085845,0.21061338

0.40743336,0.37202612,0.12827855,0.20221415

0.37446502,0.37484604,0.12686948,0.19605543

0.3528043,0.37123203,0.12339265,0.20470767

0.34354517,0.3571004,0.1158665,0.23020066

0.3420482,0.34249184,0.108457334,0.2669166

0.3450199,0.32817674,0.111223415,0.30407184

0.34736484,0.3182164,0.12220824,0.33158085

0.3470395,0.31129453,0.12610063,0.34828544

0.34416875,0.30811813,0.12047614,0.3576738

0.34327993,0.3126129,0.1152355,0.3691073

0.34327993,0.32284683,0.11748313,0.3691073

0.34327993,0.35419798,0.13341233,0.3691073

0.34184363,0.40906993,0.16153568,0.3790354

0.33911672,0.48174173,0.18714397,0.39045742

0.33569455,0.5459552,0.20118813,0.40544868

0.3343189,0.59097093,0.20992799,0.4288644

0.34144667,0.61944646,0.21753263,0.46442875

0.35664877,0.6365629,0.22496924,0.5081902

0.38467577,0.6445568,0.2306801,0.5509582

0.415493,0.6471521,0.23653226,0.57975185

0.43385795,0.6467599,0.24256217,0.5895049

0.43385795,0.6426669,0.24838933,0.5895049

0.43385795,0.6408027,0.25285,0.5895049

0.43385795,0.6398859,0.25484803,0.5895049

0.43385795,0.6390113,0.25440383,0.5895049

0.43385795,0.63595587,0.2475221,0.5895049

0.10382398,0.63029015,0.23705865,0.2730718

0.10718574,0.62195873,0.22112167,0.23194577

0.11157589,0.6088938,0.20124288,0.20295247

0.11909495,0.58423805,0.18153341,0.18527727

0.13449073,0.5424377,0.16823775,0.18081008

0.15723526,0.47965354,0.1624535,0.18870991

0.1821353,0.3999749,0.16677767,0.20376189

0.20492776,0.3303897,0.17395496,0.22575876

0.23351878,0.29713026,0.17655654,0.2529895

0.27287012,0.28778455,0.17635082,0.28407466

0.3137717,0.29141432,0.17836288,0.32179815

0.34058863,0.30116212,0.18400784,0.3423056

0.35554993,0.32009563,0.19574884,0.3462138

0.37342215,0.34284386,0.21457139,0.35390395

0.39191237,0.36446795,0.23775019,0.36593285

0.41358966,0.37777963,0.26240024,0.38158405

0.434541,0.3960407,0.27945036,0.3994523

0.45469078,0.41802448,0.29631904,0.41863605

0.47342527,0.4380083,0.31323487,0.4391935

0.4883293,0.45425618,0.3145968,0.46055824

0.4989401,0.4647634,0.31207648,0.48176375

0.50676805,0.47149083,0.31127962,0.5007652

0.5152716,0.4753358,0.30801368,0.5158668

0.5152716,0.47735006,0.30702665,0.5158668

0.5152716,0.4781172,0.31085578,0.5158668

0.5152716,0.47751817,0.31956184,0.5158668

0.5152716,0.47515652,0.33094075,0.5158668

0.39101678,0.4705281,0.34030277,0.56167555

0.3728371,0.46267748,0.34064686,0.56168056

0.3516685,0.45044768,0.33092386,0.5480583

0.3308675,0.4315493,0.3119466,0.5260931

0.31222346,0.401821,0.28883106,0.4994849

0.2980271,0.35541305,0.26980433,0.47413534

0.29241362,0.28725302,0.26182342,0.4543322

0.30228087,0.21432431,0.25693187,0.44652987

0.32982308,0.1581104,0.25602645,0.45395038

0.36654595,0.12586069,0.26159915,0.47205687

0.3987381,0.10987596,0.2593661,0.4916134

0.41356397,0.10517063,0.25440046,0.5022226

0.44960982,0.099230975,0.25062206,0.523386

0.44676417,0.094218396,0.2511849,0.4974079

0.41584957,0.0934144,0.25587225,0.4201825

0.39957446,0.099572115,0.27074492,0.37347415

0.40614587,0.11339348,0.2963829,0.36834428

0.41785565,0.13119926,0.3259327,0.3777141

0.42628136,0.15045424,0.35295105,0.38580215

0.4305494,0.16421708,0.370673,0.39064914

0.4315689,0.17020212,0.3829028,0.3928379

0.42989936,0.16953997,0.39406982,0.3931171

0.42461208,0.16680302,0.40449804,0.38970742

0.41408744,0.16429497,0.41289127,0.3818954

0.3978511,0.16515484,0.41692445,0.36757144

0.3777429,0.16689812,0.41698465,0.34790874

0.35940564,0.16585304,0.40918377,0.32863852

0.34600636,0.1601589,0.395789,0.31367877

0.33608964,0.1540122,0.38188076,0.30236673

0.32174852,0.15115795,0.35562932,0.28822622

0.299358,0.15351835,0.32491112,0.2639651

0.2734718,0.15997295,0.29079476,0.23599121

0.25316846,0.16990407,0.25904098,0.20882817

0.23540954,0.18511705,0.23738286,0.19152817

0.22163731,0.21624805,0.22211015,0.18676108

0.22027595,0.26731768,0.21124588,0.18649481

0.22322826,0.33240584,0.19971706,0.18275331

0.22182046,0.3923743,0.18866444,0.17756599

0.211003,0.43657553,0.18041919,0.16380312

0.19147249,0.46363276,0.17603685,0.14504051

0.16955946,0.48045698,0.17643185,0.12913673

0.15508027,0.48862448,0.18281946,0.1244715

0.15528801,0.490912,0.19360921,0.134603

0.16981235,0.49319062,0.20553406,0.15502153

0.16981235,0.4938238,0.21532786,0.15502153

0.16981235,0.4937959,0.22186747,0.15502153

0.16981235,0.49405572,0.22698405,0.15502153

0.16981235,0.49409539,0.22725534,0.15502153

0.32042876,0.4953141,0.22536975,0.29971033

0.32688537,0.49629092,0.22633925,0.33636633

0.3398297,0.49285156,0.23312499,0.3570968

0.34540766,0.48115656,0.24674912,0.3491861

0.33832064,0.4604323,0.2627989,0.3268244

0.3246424,0.4276443,0.27854678,0.3045409

0.3086843,0.3795818,0.2932498,0.28741762

0.2920992,0.3299112,0.30353636,0.2771691

0.27605405,0.30394188,0.30901536,0.275272

0.25337693,0.30218697,0.31047687,0.27035472

0.22145544,0.30760646,0.3060681,0.2628828

0.1907791,0.3142545,0.30247623,0.25135723

0.16452198,0.3163694,0.2961253,0.24723913

0.15559658,0.31231555,0.2885565,0.25100744

0.15176313,0.30209032,0.2812109,0.2541709

0.14556941,0.29117072,0.27575347,0.24977176

0.13496295,0.2817778,0.27109224,0.2380832

0.12493321,0.27410722,0.26985088,0.2248193

0.122301385,0.26574516,0.27253368,0.2115279

0.13022424,0.26530316,0.2812199,0.20150751

0.14430264,0.27496532,0.2960083,0.20215467

0.15767571,0.29076764,0.3140871,0.20340028

0.16650623,0.30899683,0.33135504,0.20149854

0.17055696,0.32360554,0.34684476,0.19668867

0.17205949,0.33185092,0.35677162,0.1900423

0.17305796,0.3357889,0.36430427,0.18106742

0.17735797,0.34586433,0.36713248,0.16930005

0.19124979,0.3630745,0.3712258,0.15726943

0.22258665,0.38330677,0.37179464,0.14902474

0.2547681,0.39614716,0.36833555,0.14739782

0.27811787,0.39816788,0.36241668,0.15509526

0.29552343,0.3951627,0.35664272,0.17049617

0.3089335,0.38867363,0.34899166,0.18438908

0.32368258,0.38058585,0.33342072,0.20306313

0.3400667,0.36880141,0.30499676,0.22997865

0.36240783,0.3545171,0.26265335,0.26377204

0.38611054,0.3333756,0.21310075,0.2968477

0.40140396,0.31269827,0.16876867,0.31703722

0.40453702,0.2988296,0.14348155,0.32403108

0.3998492,0.29139924,0.13756712,0.32222462

0.39311695,0.2856288,0.14550994,0.31875077

0.3844346,0.28553703,0.15665545,0.31952512

0.37794796,0.2867602,0.1650028,0.32284734

0.37050924,0.2938754,0.1724214,0.32576022

0.3610231,0.31129926,0.18129511,0.32773286

0.34923983,0.33497223,0.19190155,0.32569918

0.33647445,0.34856263,0.20407774,0.32005966

0.3224848,0.35496387,0.21043096,0.30967766

0.30655086,0.3549085,0.21559294,0.29403204

0.2861957,0.3488739,0.22073083,0.2751497

0.25424707,0.34796613,0.23157927,0.252873

0.21647198,0.3548725,0.24839506,0.22986181

0.18468623,0.36659247,0.26507628,0.21199912

