"Alpha - Location 1","Alpha - Location 2","Alpha - Location 3","Alpha - Location 4","Beta - Location 1","Beta - Location 2","Beta - Location 3","Beta - Location 4","Delta - Location 1","Delta - Location 2","Delta - Location 3","Delta - Location 4","Gamma - Location 1","Gamma - Location 2","Gamma - Location 3","Gamma - Location 4","Theta - Location 1","Theta - Location 2","Theta - Location 3","Theta - Location 4"
0.12177976,0.13861935,0.19983122,0.23966129,0.11720117,0.27000156,0.05076205,0.39192757,0.46576732,0.2676379,0.53554654,0.05316807,0.06166768,0.16817333,0.032114703,0.2586655,0.23358406,0.15556785,0.18174551,0.056577574
0.12177976,0.14361562,0.20837383,0.23966129,0.11720117,0.26672545,0.05354348,0.39192757,0.46576732,0.26479715,0.524195,0.05316807,0.06166768,0.16647771,0.033004355,0.2586655,0.23358406,0.15838408,0.18088333,0.056577574
0.12177976,0.15054046,0.2241896,0.23966129,0.11720117,0.2588584,0.057345606,0.39192757,0.46576732,0.2654171,0.50673217,0.05316807,0.06166768,0.16324991,0.034402575,0.2586655,0.23358406,0.16193414,0.17733006,0.056577574
0.12177976,0.15701236,0.22870266,0.23966129,0.11720117,0.24841933,0.061604362,0.39192757,0.46576732,0.27049065,0.4984953,0.05316807,0.06166768,0.15837131,0.03633849,0.2586655,0.23358406,0.16570635,0.17485917,0.056577574
0.12177976,0.1607519,0.22588137,0.23966129,0.11720117,0.2379977,0.063999236,0.39192757,0.46576732,0.2793582,0.5004954,0.05316807,0.06166768,0.15334585,0.03806309,0.2586655,0.23358406,0.16854633,0.17156094,0.056577574
0.12177976,0.16440524,0.21740744,0.23966129,0.11720117,0.2275969,0.0637134,0.39192757,0.46576732,0.28899175,0.51298755,0.05316807,0.06166768,0.1492776,0.03928169,0.2586655,0.23358406,0.16972852,0.1666099,0.056577574
0.12177976,0.16496493,0.2061892,0.23966129,0.11720117,0.21835208,0.06134987,0.39192757,0.46576732,0.29904878,0.5328301,0.05316807,0.06166768,0.14754583,0.040002603,0.2586655,0.23358406,0.1700884,0.1596282,0.056577574
0.13493547,0.16549516,0.19555052,0.23966129,0.21070418,0.21041262,0.058159582,0.39192757,0.33899125,0.30656746,0.5539288,0.05316807,0.07027812,0.14770092,0.040319137,0.2586655,0.24509099,0.16982383,0.15204197,0.056577574
0.1524852,0.16601136,0.18730174,0.23966129,0.19997725,0.20525399,0.055178184,0.39192757,0.3372251,0.30972216,0.57068694,0.05316807,0.097404435,0.14944193,0.04033027,0.2586655,0.21290803,0.16957057,0.14650284,0.056577574
0.16140963,0.16729245,0.18230554,0.24554123,0.19522958,0.20386164,0.05316813,0.4816706,0.32044446,0.30758604,0.5792594,0.06609938,0.13218096,0.15340076,0.040242054,0.1770088,0.19073537,0.16785909,0.14502488,0.029680002
0.16376391,0.16995932,0.19319499,0.25977802,0.1903421,0.20622185,0.051831324,0.44828472,0.3059633,0.3001764,0.56915414,0.078422934,0.1669653,0.16037202,0.03968271,0.18191688,0.17296538,0.16327038,0.14613682,0.031597435
0.16203251,0.17112477,0.23659676,0.26995718,0.18186466,0.21127437,0.050157387,0.41142145,0.30501318,0.29117078,0.53135055,0.10226295,0.19200087,0.17114955,0.037823748,0.1816945,0.15908878,0.15528055,0.14407155,0.034663923
0.15056653,0.17125517,0.26583508,0.26995718,0.16320203,0.21642536,0.050698336,0.41142145,0.33151332,0.2836556,0.5030094,0.10226295,0.19598585,0.18400979,0.036798023,0.1816945,0.15873227,0.14465407,0.14365919,0.034663923
0.12526147,0.17153955,0.27536368,0.26995718,0.13153164,0.21876046,0.05328153,0.41142145,0.39953426,0.28008407,0.49268863,0.10226295,0.17125286,0.1957303,0.03662847,0.1816945,0.17241977,0.13388562,0.1420377,0.034663923
0.12526147,0.17240886,0.2796814,0.26995718,0.13153164,0.21723357,0.05637928,0.41142145,0.39953426,0.2796904,0.4916379,0.10226295,0.17125286,0.20418867,0.036386278,0.1816945,0.17241977,0.12647848,0.13591516,0.034663923
0.12526147,0.16697319,0.28111547,0.26995718,0.13153164,0.21517646,0.0592119,0.41142145,0.39953426,0.28132963,0.49669084,0.10226295,0.17125286,0.21240376,0.035934478,0.1816945,0.17241977,0.12411696,0.12704732,0.034663923
0.12526147,0.15902154,0.27949205,0.26995718,0.13153164,0.21490332,0.061447613,0.41142145,0.39953426,0.2785888,0.5047006,0.10226295,0.17125286,0.22273804,0.035419613,0.1816945,0.17241977,0.1247483,0.11894011,0.034663923
0.12526147,0.14148897,0.27975118,0.26995718,0.13153164,0.22131,0.06302125,0.41142145,0.39953426,0.27188176,0.50877595,0.10226295,0.17125286,0.23892951,0.034761377,0.1816945,0.17241977,0.12638977,0.11369023,0.034663923
0.12526147,0.13061862,0.2799465,0.26995718,0.13153164,0.23136668,0.06495258,0.41142145,0.39953426,0.2578245,0.5094648,0.10226295,0.17125286,0.25519583,0.034060974,0.1816945,0.17241977,0.12499438,0.11157514,0.034663923
0.112415664,0.1275597,0.2819108,0.26995718,0.12400906,0.24421081,0.06809647,0.41142145,0.4213372,0.23780917,0.5049679,0.10226295,0.18334757,0.26849917,0.03316841,0.1816945,0.15889055,0.121921174,0.11185639,0.034663923
0.103341125,0.1325503,0.29017788,0.26995718,0.11507223,0.2580302,0.072542824,0.41142145,0.43499577,0.21417998,0.4926847,0.10226295,0.19832687,0.27720687,0.031894434,0.1816945,0.14826402,0.11803266,0.112700164,0.034663923
0.10063322,0.14142956,0.30257246,0.2864688,0.10580757,0.27183843,0.077959016,0.36855242,0.4379773,0.1862305,0.47480464,0.118665636,0.21326502,0.28251883,0.030408986,0.18966468,0.14231688,0.11798268,0.114254914,0.036648467
0.09663215,0.15018575,0.31393683,0.2983099,0.097323924,0.28333032,0.08300329,0.32212394,0.43941918,0.15930325,0.457532,0.14051294,0.22418502,0.28527805,0.028829148,0.19915028,0.14243971,0.12190263,0.11669874,0.03990295
0.09030557,0.1638623,0.3162521,0.2983099,0.08827852,0.28296867,0.08541309,0.32212394,0.4488532,0.14523515,0.4524694,0.14051294,0.2239171,0.2784729,0.026912265,0.19915028,0.14864561,0.12946096,0.11895313,0.03990295
0.07353259,0.16998443,0.30513722,0.2983099,0.0777253,0.2671134,0.08364274,0.32212394,0.4789074,0.16477731,0.46884722,0.14051294,0.20988151,0.25908998,0.02449121,0.19915028,0.15995319,0.1390349,0.11788161,0.03990295
0.07353259,0.16700453,0.28255546,0.2983099,0.0777253,0.23748808,0.079004526,0.32212394,0.4789074,0.22080213,0.502999,0.14051294,0.20988151,0.22768238,0.022005849,0.19915028,0.15995319,0.14702287,0.11343519,0.03990295
0.07353259,0.15700565,0.25336558,0.2983099,0.0777253,0.20555583,0.07452968,0.32212394,0.4789074,0.2913707,0.54409015,0.14051294,0.20988151,0.19401713,0.020236744,0.19915028,0.15995319,0.15205072,0.10777783,0.03990295
0.07353259,0.14571275,0.23791727,0.2983099,0.0777253,0.18129165,0.07049313,0.32212394,0.4789074,0.3512758,0.5699355,0.14051294,0.20988151,0.16722664,0.019069862,0.19915028,0.15995319,0.15449317,0.102584235,0.03990295
0.07353259,0.14115345,0.20852709,0.2983099,0.0777253,0.16707739,0.0694732,0.32212394,0.4789074,0.38689378,0.5976832,0.14051294,0.20988151,0.14986709,0.018950244,0.19915028,0.15995319,0.15500827,0.10536628,0.03990295
0.07353259,0.13561836,0.16786093,0.2983099,0.0777253,0.16245097,0.06961363,0.32212394,0.4789074,0.40498048,0.6279715,0.14051294,0.20988151,0.14179581,0.019177755,0.19915028,0.15995319,0.15515436,0.11537623,0.03990295
0.07353259,0.13033527,0.13140967,0.2983099,0.0777253,0.16268153,0.06838619,0.32212394,0.4789074,0.41459945,0.6538102,0.14051294,0.20988151,0.1389114,0.019029155,0.19915028,0.15995319,0.15347233,0.12736475,0.03990295
0.07353259,0.12568544,0.10243823,0.2983099,0.0777253,0.16341592,0.06601336,0.32212394,0.4789074,0.42299807,0.6767311,0.14051294,0.20988151,0.13817258,0.01872299,0.19915028,0.15995319,0.14972799,0.13609435,0.03990295
0.07353259,0.12227844,0.089445725,0.2983099,0.0777253,0.16190676,0.06293187,0.32212394,0.4789074,0.43217877,0.6900858,0.14051294,0.20988151,0.1380752,0.018497966,0.19915028,0.15995319,0.14556082,0.13903864,0.03990295
0.07353259,0.11634874,0.080978565,0.2983099,0.0777253,0.15779716,0.060378708,0.32212394,0.4789074,0.4435187,0.69880575,0.14051294,0.20988151,0.13853748,0.018580839,0.19915028,0.15995319,0.14379793,0.14125614,0.03990295
0.07353259,0.11104497,0.07648394,0.2983099,0.0777253,0.15107432,0.0578767,0.32212394,0.4789074,0.45391542,0.70133597,0.14051294,0.20988151,0.1380497,0.018624248,0.19915028,0.15995319,0.14591558,0.14567912,0.03990295
0.07353259,0.10825194,0.071440466,0.2983099,0.0777253,0.14351755,0.055183016,0.32212394,0.4789074,0.46063542,0.70332927,0.14051294,0.20988151,0.13545081,0.018297413,0.19915028,0.15995319,0.15214427,0.15174983,0.03990295
0.07353259,0.104124285,0.06726367,0.2983099,0.0777253,0.13881338,0.052552935,0.32212394,0.4789074,0.46644822,0.705402,0.14051294,0.20988151,0.13147092,0.01759703,0.19915028,0.15995319,0.1591432,0.15718432,0.03990295
0.07353259,0.099138364,0.063535206,0.2983099,0.0777253,0.1398015,0.05080663,0.32212394,0.4789074,0.46941397,0.7078076,0.14051294,0.20988151,0.12703462,0.016854176,0.19915028,0.15995319,0.16461155,0.16099638,0.03990295
0.07353259,0.0979429,0.06195704,0.2983099,0.0777253,0.14801334,0.050494693,0.32212394,0.4789074,0.46594056,0.707789,0.14051294,0.20988151,0.123346455,0.016410328,0.19915028,0.15995319,0.16475675,0.16334891,0.03990295
0.07353259,0.09897202,0.06285592,0.2983099,0.0777253,0.16399613,0.051769376,0.32212394,0.4789074,0.4535273,0.7036038,0.14051294,0.20988151,0.12262892,0.01648234,0.19915028,0.15995319,0.16087563,0.16528855,0.03990295
0.07353259,0.09937539,0.0665926,0.2983099,0.0777253,0.18724428,0.054252807,0.32212394,0.4789074,0.43062654,0.69546485,0.14051294,0.20988151,0.12697202,0.01707687,0.19915028,0.15995319,0.15578178,0.16661288,0.03990295
0.07353259,0.0985003,0.07401925,0.2983099,0.0777253,0.21520802,0.056907486,0.32212394,0.4789074,0.39825508,0.6845584,0.14051294,0.20988151,0.1370362,0.017875386,0.19915028,0.15995319,0.1510004,0.16663948,0.03990295
0.07353259,0.10132902,0.08060189,0.2983099,0.0777253,0.24188058,0.058676153,0.32212394,0.4789074,0.3602309,0.6761338,0.14051294,0.20988151,0.15023692,0.018399984,0.19915028,0.15995319,0.1463226,0.16618814,0.03990295
0.07353259,0.10026722,0.08620468,0.2983099,0.0777253,0.2645593,0.05870464,0.32212394,0.4789074,0.3296307,0.6694535,0.14051294,0.20988151,0.16366334,0.018266538,0.19915028,0.15995319,0.14187944,0.16737063,0.03990295
0.07353259,0.09573942,0.09152643,0.2983099,0.0777253,0.2828456,0.0573617,0.32212394,0.4789074,0.31071967,0.6609234,0.14051294,0.20988151,0.1732852,0.017614314,0.19915028,0.15995319,0.13741012,0.17257412,0.03990295
0.07353259,0.102420285,0.101135485,0.2983099,0.0777253,0.29667398,0.05540554,0.32212394,0.4789074,0.29295534,0.6454529,0.14051294,0.20988151,0.17556338,0.016788587,0.19915028,0.15995319,0.13238701,0.18121749,0.03990295
0.07353259,0.10629861,0.10483465,0.2983099,0.0777253,0.31448478,0.0540193,0.32212394,0.4789074,0.27363193,0.63089466,0.14051294,0.20988151,0.17495231,0.016178824,0.19915028,0.15995319,0.13063236,0.19407254,0.03990295
0.07353259,0.11055387,0.10625597,0.2983099,0.0777253,0.33533403,0.05314868,0.32212394,0.4789074,0.25061804,0.6170177,0.14051294,0.20988151,0.17261595,0.015691267,0.19915028,0.15995319,0.13087809,0.20788637,0.03990295
0.07353259,0.114816904,0.1099742,0.2983099,0.0777253,0.35692015,0.052530836,0.32212394,0.4789074,0.22692148,0.60388625,0.14051294,0.20988151,0.17047666,0.015282016,0.19915028,0.15995319,0.13086478,0.21832667,0.03990295
0.07353259,0.122654974,0.11610195,0.2983099,0.0777253,0.37596142,0.05232492,0.32212394,0.4789074,0.20508496,0.592761,0.14051294,0.20988151,0.17019252,0.014992707,0.19915028,0.15995319,0.12610611,0.22381942,0.03990295
0.07353259,0.13006781,0.12463886,0.2983099,0.0777253,0.39326873,0.05271677,0.32212394,0.4789074,0.18727402,0.5813531,0.14051294,0.20988151,0.1739192,0.014977362,0.19915028,0.15995319,0.11547024,0.2263139,0.03990295
0.07353259,0.1281065,0.13890757,0.2983099,0.0777253,0.40999204,0.053031985,0.32212394,0.4789074,0.17632926,0.5678295,0.14051294,0.20988151,0.18274583,0.01511729,0.19915028,0.15995319,0.10282639,0.22511367,0.03990295
0.07353259,0.13118973,0.14817175,0.2983099,0.0777253,0.41311598,0.05244724,0.32212394,0.4789074,0.1752652,0.5633657,0.14051294,0.20988151,0.19046211,0.015222394,0.19915028,0.15995319,0.089966975,0.2207929,0.03990295
0.07353259,0.13578294,0.15560849,0.2983099,0.0777253,0.39983052,0.049494497,0.32212394,0.4789074,0.1884635,0.56980646,0.14051294,0.20988151,0.1949382,0.01477706,0.19915028,0.15995319,0.08098485,0.21031347,0.03990295
0.07353259,0.13449849,0.15402958,0.2983099,0.0777253,0.37748024,0.045109745,0.32212394,0.4789074,0.21377113,0.58878255,0.14051294,0.20988151,0.19723003,0.013930645,0.19915028,0.15995319,0.0770201,0.19814746,0.03990295
0.07353259,0.13282464,0.14562415,0.2983099,0.0777253,0.35356182,0.04096932,0.32212394,0.4789074,0.2406363,0.6116823,0.14051294,0.20988151,0.1973452,0.013097686,0.19915028,0.15995319,0.07563203,0.18862657,0.03990295
0.07353259,0.13261689,0.13895786,0.2983099,0.0777253,0.3364229,0.03791126,0.32212394,0.4789074,0.25951228,0.6270112,0.14051294,0.20988151,0.19650932,0.012570344,0.19915028,0.15995319,0.0749386,0.18354937,0.03990295
0.07353259,0.13385427,0.13596575,0.2983099,0.0777253,0.32854453,0.036173873,0.32212394,0.4789074,0.2670723,0.63370097,0.14051294,0.20988151,0.19630724,0.012558168,0.19915028,0.15995319,0.074221686,0.18160126,0.03990295
0.07353259,0.13550858,0.13787192,0.2983099,0.0777253,0.32636198,0.035546154,0.32212394,0.4789074,0.265574,0.633411,0.14051294,0.20988151,0.19863354,0.01308369,0.19915028,0.15995319,0.07392191,0.18008724,0.03990295
0.07353259,0.1344517,0.14200488,0.2983099,0.0777253,0.32431936,0.03564952,0.32212394,0.4789074,0.26036984,0.63113475,0.14051294,0.20988151,0.20554693,0.01402241,0.19915028,0.15995319,0.07531215,0.17718843,0.03990295
0.07353259,0.1324575,0.14376529,0.2983099,0.0777253,0.31700194,0.036157753,0.32212394,0.4789074,0.25508916,0.63276976,0.14051294,0.20988151,0.21651705,0.014957552,0.19915028,0.15995319,0.07893435,0.17234965,0.03990295
0.07353259,0.12655304,0.14100869,0.2983099,0.0777253,0.30415562,0.03629211,0.32212394,0.4789074,0.25431848,0.64297044,0.14051294,0.20988151,0.22938596,0.0153884245,0.19915028,0.15995319,0.08558691,0.16434032,0.03990295
0.07353259,0.12325985,0.13796604,0.2983099,0.0777253,0.28466418,0.03523722,0.32212394,0.4789074,0.26046777,0.6578211,0.14051294,0.20988151,0.23798881,0.014919186,0.19915028,0.15995319,0.093619406,0.15405641,0.03990295
0.07353259,0.118024655,0.13244079,0.2983099,0.0777253,0.2623349,0.033254284,0.32212394,0.4789074,0.27749965,0.67472476,0.14051294,0.20988151,0.24003111,0.013805477,0.19915028,0.15995319,0.10210967,0.14577469,0.03990295
0.07353259,0.110874616,0.12248607,0.2983099,0.0777253,0.24003555,0.031157583,0.32212394,0.4789074,0.30509433,0.69137347,0.14051294,0.20988151,0.23569655,0.012694206,0.19915028,0.15995319,0.10829895,0.14228867,0.03990295
0.07353259,0.10296131,0.11400074,0.2983099,0.0777253,0.2195992,0.029436154,0.32212394,0.4789074,0.33831546,0.7028736,0.14051294,0.20988151,0.22840908,0.011931958,0.19915028,0.15995319,0.11071494,0.14175753,0.03990295
0.07353259,0.09531147,0.10892839,0.2983099,0.0777253,0.2015777,0.028470673,0.32212394,0.4789074,0.37188008,0.7081818,0.14051294,0.20988151,0.22202943,0.011645041,0.19915028,0.15995319,0.10920133,0.14277409,0.03990295
0.07353259,0.091006495,0.10693705,0.2983099,0.0777253,0.18495096,0.028315557,0.32212394,0.4789074,0.40070203,0.70867836,0.14051294,0.20988151,0.21792866,0.011796898,0.19915028,0.15995319,0.10541184,0.14427215,0.03990295
0.07353259,0.08867405,0.10378416,0.2983099,0.0777253,0.16816549,0.028912432,0.32212394,0.4789074,0.42603102,0.70640785,0.14051294,0.20988151,0.21397689,0.012251927,0.19915028,0.15995319,0.103152536,0.14864364,0.03990295
0.07353259,0.07734082,0.103403874,0.2983099,0.0777253,0.15171002,0.029778281,0.32212394,0.4789074,0.45649055,0.6983167,0.14051294,0.20988151,0.20747826,0.012656426,0.19915028,0.15995319,0.10698036,0.15584469,0.03990295
0.07353259,0.06903242,0.10015105,0.2983099,0.0777253,0.13494654,0.030626498,0.32212394,0.4789074,0.4904857,0.69277805,0.14051294,0.20988151,0.19399728,0.012769904,0.19915028,0.15995319,0.11153807,0.16367452,0.03990295
0.07353259,0.06435363,0.09477871,0.2983099,0.0777253,0.12110431,0.031223102,0.32212394,0.4789074,0.5202783,0.69315314,0.14051294,0.20988151,0.17733827,0.012550019,0.19915028,0.15995319,0.11692553,0.16829501,0.03990295
0.07353259,0.055901416,0.09362782,0.2983099,0.0777253,0.1121145,0.031288415,0.32212394,0.4789074,0.5509069,0.6974489,0.14051294,0.20988151,0.16243549,0.012068126,0.19915028,0.15995319,0.1186417,0.16556673,0.03990295
0.07353259,0.048582878,0.10110445,0.2983099,0.0777253,0.10523833,0.030826405,0.32212394,0.4789074,0.58188635,0.70093703,0.14051294,0.20988151,0.14826678,0.011499067,0.19915028,0.15995319,0.116025634,0.15563305,0.03990295
0.07353259,0.04405532,0.10253687,0.2983099,0.0777253,0.098617725,0.03042317,0.32212394,0.4789074,0.61378723,0.7118306,0.14051294,0.20988151,0.1338307,0.011172726,0.19915028,0.15995319,0.10970904,0.14403662,0.03990295
0.07353259,0.042111658,0.09937603,0.2983099,0.0777253,0.0920138,0.030048173,0.32212394,0.4789074,0.6441587,0.7255144,0.14051294,0.20988151,0.11957922,0.011170309,0.19915028,0.15995319,0.102136604,0.13389109,0.03990295
0.07353259,0.038610972,0.09649788,0.2983099,0.0777253,0.08678003,0.029931288,0.32212394,0.4789074,0.6720473,0.7330893,0.14051294,0.20988151,0.10716729,0.0114222085,0.19915028,0.15995319,0.09539437,0.1290593,0.03990295
0.07353259,0.03688139,0.09497193,0.2983099,0.0777253,0.083110385,0.030165855,0.32212394,0.4789074,0.69329107,0.7317614,0.14051294,0.20988151,0.09708568,0.011891823,0.19915028,0.15995319,0.08963146,0.13120902,0.03990295
0.07353259,0.0342246,0.08949929,0.2983099,0.0777253,0.081633545,0.031115873,0.32212394,0.4789074,0.70927477,0.72659886,0.14051294,0.20988151,0.09010637,0.012630728,0.19915028,0.15995319,0.084760725,0.14015524,0.03990295
0.07353259,0.0335039,0.082475565,0.2983099,0.0777253,0.08233674,0.03248512,0.32212394,0.4789074,0.7173641,0.72024846,0.14051294,0.20988151,0.085283436,0.013502214,0.19915028,0.15995319,0.081511855,0.15128866,0.03990295
0.07353259,0.045546267,0.08161624,0.2983099,0.0777253,0.08456351,0.033680107,0.32212394,0.4789074,0.70868856,0.7104858,0.14051294,0.20988151,0.08065479,0.01421068,0.19915028,0.15995319,0.08054687,0.16000716,0.03990295
0.07353259,0.058175836,0.08338315,0.2983099,0.0777253,0.08863759,0.034174066,0.32212394,0.4789074,0.69533235,0.7030728,0.14051294,0.20988151,0.07605918,0.014496579,0.19915028,0.15995319,0.08179508,0.16487339,0.03990295
0.07353259,0.062475286,0.083111525,0.2983099,0.0777253,0.09492898,0.03386576,0.32212394,0.4789074,0.6825823,0.70115584,0.14051294,0.20988151,0.07163284,0.014223487,0.19915028,0.15995319,0.088380605,0.16764341,0.03990295
0.07353259,0.062396035,0.08081071,0.2983099,0.0777253,0.1011707,0.033315793,0.32212394,0.4789074,0.6699539,0.7022611,0.14051294,0.20988151,0.0666591,0.013612587,0.19915028,0.15995319,0.09982031,0.1699998,0.03990295
0.07353259,0.06018665,0.07867563,0.2983099,0.0777253,0.10430272,0.03317152,0.32212394,0.4789074,0.6624148,0.7029218,0.14051294,0.20988151,0.060976405,0.013079273,0.19915028,0.15995319,0.11211941,0.17215176,0.03990295
0.07353259,0.058560703,0.07482595,0.2983099,0.0777253,0.10273411,0.03390041,0.32212394,0.4789074,0.6597017,0.7017871,0.14051294,0.20988151,0.054792784,0.013002925,0.19915028,0.15995319,0.124210685,0.17648363,0.03990295
0.07353259,0.05726589,0.07520432,0.2983099,0.0777253,0.10433536,0.035159633,0.32212394,0.4789074,0.66105944,0.6943091,0.14051294,0.20988151,0.053115346,0.013336152,0.19915028,0.15995319,0.12422399,0.18199079,0.03990295
0.07353259,0.056825638,0.07976815,0.2983099,0.0777253,0.10536812,0.036600135,0.32212394,0.4789074,0.6615687,0.6795818,0.14051294,0.20988151,0.05100467,0.013958194,0.19915028,0.15995319,0.12523285,0.19009173,0.03990295
0.07353259,0.05673511,0.08313595,0.2983099,0.0777253,0.1063539,0.038159322,0.32212394,0.4789074,0.6602337,0.6613567,0.14051294,0.20988151,0.048422907,0.014822435,0.19915028,0.15995319,0.1282544,0.20252563,0.03990295
0.07353259,0.05715301,0.07879879,0.2983099,0.0777253,0.10817498,0.040246107,0.32212394,0.4789074,0.65453875,0.6427497,0.14051294,0.20988151,0.045780614,0.01600355,0.19915028,0.15995319,0.13435267,0.22220181,0.03990295
0.07353259,0.058037136,0.0714423,0.2983099,0.0777253,0.111573204,0.042962503,0.32212394,0.4789074,0.64306766,0.61903954,0.14051294,0.20988151,0.043638833,0.017440831,0.19915028,0.15995319,0.14368317,0.24911484,0.03990295
0.07353259,0.058515467,0.06304092,0.2983099,0.0777253,0.1164561,0.045885693,0.32212394,0.4789074,0.62686884,0.5923044,0.14051294,0.20988151,0.04235497,0.018965473,0.19915028,0.15995319,0.15580463,0.2798035,0.03990295
0.07353259,0.058195114,0.062588565,0.2983099,0.0777253,0.12228229,0.048129246,0.32212394,0.4789074,0.6076966,0.56382847,0.14051294,0.20988151,0.041688442,0.020144315,0.19915028,0.15995319,0.17013752,0.3053094,0.03990295
0.07353259,0.05681705,0.06377192,0.2983099,0.0777253,0.1276864,0.04924664,0.32212394,0.4789074,0.58880025,0.5445046,0.14051294,0.20988151,0.04065718,0.0209046,0.19915028,0.15995319,0.18603912,0.32157224,0.03990295
0.07353259,0.054935556,0.06793348,0.2983099,0.0777253,0.13097024,0.04949457,0.32212394,0.4789074,0.5738349,0.5323939,0.14051294,0.20988151,0.03846337,0.021303581,0.19915028,0.15995319,0.2017959,0.3288745,0.03990295
0.07353259,0.06857349,0.070904516,0.2983099,0.0777253,0.13417245,0.049668632,0.32212394,0.4789074,0.55661935,0.5253457,0.14051294,0.20988151,0.04097663,0.021660617,0.19915028,0.15995319,0.19965807,0.3324206,0.03990295
0.07353259,0.070437774,0.07716373,0.2983099,0.0777253,0.1385648,0.05067732,0.32212394,0.4789074,0.5449231,0.51247835,0.14051294,0.20988151,0.046832647,0.022298587,0.19915028,0.15995319,0.19924164,0.337382,0.03990295
0.07353259,0.06997428,0.08644133,0.2983099,0.0777253,0.13821478,0.05360775,0.32212394,0.4789074,0.54845715,0.48725912,0.14051294,0.20988151,0.054228287,0.023729244,0.19915028,0.15995319,0.18912548,0.34896255,0.03990295
0.07353259,0.065088965,0.10754083,0.2983099,0.0777253,0.13457575,0.058212914,0.32212394,0.4789074,0.5727273,0.44418907,0.14051294,0.20988151,0.062740006,0.026051363,0.19915028,0.15995319,0.16486797,0.3640058,0.03990295
0.07353259,0.06765961,0.13211553,0.2983099,0.0777253,0.13431747,0.06432183,0.32212394,0.4789074,0.59311897,0.39168394,0.14051294,0.20988151,0.07321109,0.02937625,0.19915028,0.15995319,0.13169286,0.38250247,0.03990295
0.07353259,0.07151462,0.15815936,0.2983099,0.0777253,0.14781421,0.06971765,0.32212394,0.4789074,0.6028317,0.34466347,0.14051294,0.20988151,0.09112376,0.032752868,0.19915028,0.15995319,0.0867157,0.39470667,0.03990295
0.07353259,0.07054258,0.17598997,0.2983099,0.0777253,0.13751496,0.07230278,0.32212394,0.4789074,0.6200091,0.32140645,0.14051294,0.20988151,0.08701424,0.03493994,0.19915028,0.15995319,0.08491908,0.39536086,0.03990295
0.07353259,0.073742755,0.18278134,0.2983099,0.0777253,0.13187245,0.071721606,0.32212394,0.4789074,0.6248173,0.3240079,0.14051294,0.20988151,0.086194314,0.035387125,0.19915028,0.15995319,0.08337319,0.38610202,0.03990295
0.07353259,0.07734664,0.18039408,0.2983099,0.0777253,0.13019177,0.070109844,0.32212394,0.4789074,0.62179935,0.34042862,0.14051294,0.20988151,0.08794405,0.034798086,0.19915028,0.15995319,0.082718186,0.37426934,0.03990295
0.07353259,0.082048066,0.17899737,0.2983099,0.0777253,0.13082784,0.06921589,0.32212394,0.4789074,0.6134613,0.35812595,0.14051294,0.20988151,0.0907811,0.033901423,0.19915028,0.15995319,0.08288168,0.35975936,0.03990295
0.07353259,0.08742405,0.18227492,0.2983099,0.0777253,0.13325393,0.07028188,0.32212394,0.4789074,0.6025198,0.37490293,0.14051294,0.20988151,0.09345475,0.03321384,0.19915028,0.15995319,0.08334744,0.3393264,0.03990295
0.07353259,0.09325532,0.1964096,0.2983099,0.0777253,0.1372633,0.073190436,0.32212394,0.4789074,0.59071034,0.38974383,0.14051294,0.20988151,0.09522579,0.032642577,0.19915028,0.15995319,0.08354527,0.30801356,0.03990295
0.07353259,0.09895032,0.21466172,0.2983099,0.0777253,0.14203681,0.07774674,0.32212394,0.4789074,0.5793071,0.40842086,0.14051294,0.20988151,0.095844835,0.03203167,0.19915028,0.15995319,0.083860956,0.26713902,0.03990295
0.07353259,0.102574065,0.24646863,0.2983099,0.0777253,0.14585777,0.07931507,0.32212394,0.4789074,0.57077444,0.42740127,0.14051294,0.20988151,0.09550631,0.029522678,0.19915028,0.15995319,0.085287444,0.21729237,0.03990295
0.07353259,0.10376265,0.26511988,0.2983099,0.0777253,0.14684725,0.075676635,0.32212394,0.4789074,0.56586605,0.4563796,0.14051294,0.20988151,0.09447803,0.025194714,0.19915028,0.15995319,0.08904599,0.17762919,0.03990295
0.07353259,0.10187554,0.2432925,0.2983099,0.0777253,0.14205508,0.0702265,0.32212394,0.4789074,0.5685991,0.50190556,0.14051294,0.20988151,0.09246101,0.021014294,0.19915028,0.15995319,0.09500926,0.16356118,0.03990295
0.07353259,0.09929178,0.21209005,0.2983099,0.0777253,0.1333961,0.06401417,0.32212394,0.4789074,0.57794577,0.54301214,0.14051294,0.20988151,0.08804474,0.01770171,0.19915028,0.15995319,0.101321615,0.16318193,0.03990295
0.07353259,0.09953503,0.18957141,0.2983099,0.0777253,0.12578657,0.058541168,0.32212394,0.4789074,0.5842344,0.5701109,0.14051294,0.20988151,0.08472658,0.015576781,0.19915028,0.15995319,0.10571742,0.16619974,0.03990295
0.07353259,0.10325716,0.17758843,0.2983099,0.0777253,0.12219964,0.054735873,0.32212394,0.4789074,0.58133715,0.58492583,0.14051294,0.20988151,0.08434947,0.014544744,0.19915028,0.15995319,0.108856566,0.16820511,0.03990295
0.07353259,0.103458226,0.17391461,0.2983099,0.0777253,0.12446718,0.05280098,0.32212394,0.4789074,0.57184094,0.5903753,0.14051294,0.20988151,0.08812656,0.014247145,0.19915028,0.15995319,0.11210708,0.16866195,0.03990295
0.07353259,0.10366186,0.16850476,0.2983099,0.0777253,0.13183887,0.053011518,0.32212394,0.4789074,0.5529693,0.59342766,0.14051294,0.20988151,0.09491636,0.014436324,0.19915028,0.15995319,0.116613604,0.17061971,0.03990295
0.07353259,0.10102787,0.15966077,0.2983099,0.0777253,0.14269769,0.054999687,0.32212394,0.4789074,0.53212726,0.59463525,0.14051294,0.20988151,0.102585256,0.014914989,0.19915028,0.15995319,0.121561944,0.1757893,0.03990295
0.07353259,0.10732776,0.15620303,0.2983099,0.0777253,0.15171075,0.05773102,0.32212394,0.4789074,0.5100851,0.5883825,0.14051294,0.20988151,0.106644996,0.015428628,0.19915028,0.15995319,0.124231376,0.18225482,0.03990295
0.07353259,0.10467315,0.15953839,0.2983099,0.0777253,0.1589612,0.060139906,0.32212394,0.4789074,0.502357,0.5754392,0.14051294,0.20988151,0.10777224,0.015881453,0.19915028,0.15995319,0.12623641,0.18900102,0.03990295
0.07353259,0.099867366,0.16036144,0.2983099,0.0777253,0.16335802,0.061844878,0.32212394,0.4789074,0.50261706,0.5655714,0.14051294,0.20988151,0.10667113,0.01636557,0.19915028,0.15995319,0.12748641,0.1958567,0.03990295
0.07353259,0.09456031,0.15736787,0.2983099,0.0777253,0.1651575,0.062020548,0.32212394,0.4789074,0.5059965,0.56140447,0.14051294,0.20988151,0.105564505,0.016775947,0.19915028,0.15995319,0.12872115,0.20243117,0.03990295
0.07353259,0.095366776,0.15083234,0.2983099,0.0777253,0.16372423,0.060908243,0.32212394,0.4789074,0.50600535,0.56356674,0.14051294,0.20988151,0.10520389,0.0170636,0.19915028,0.15995319,0.12969975,0.20762905,0.03990295
0.07353259,0.09622717,0.14341576,0.2983099,0.0777253,0.16182847,0.059175912,0.32212394,0.4789074,0.50429755,0.56924117,0.14051294,0.20988151,0.106899984,0.017254302,0.19915028,0.15995319,0.13074686,0.21091284,0.03990295
0.07353259,0.10283649,0.13929859,0.2983099,0.0777253,0.16178067,0.058080923,0.32212394,0.4789074,0.4950726,0.5736284,0.14051294,0.20988151,0.11013289,0.017609613,0.19915028,0.15995319,0.13017733,0.21138243,0.03990295
0.07353259,0.11240863,0.14214864,0.2983099,0.0777253,0.16788003,0.058793616,0.32212394,0.4789074,0.47778797,0.5712403,0.14051294,0.20988151,0.115607984,0.018461224,0.19915028,0.15995319,0.1263154,0.2093562,0.03990295
0.07353259,0.1255512,0.13729692,0.2983099,0.0777253,0.18286686,0.06323546,0.32212394,0.4789074,0.4480493,0.57029754,0.14051294,0.20988151,0.124337226,0.020552661,0.19915028,0.15995319,0.11919542,0.20861743,0.03990295
0.07353259,0.14673911,0.1168026,0.2983099,0.0777253,0.20645311,0.07291021,0.32212394,0.4789074,0.40115884,0.57342917,0.14051294,0.20988151,0.13676861,0.024395937,0.19915028,0.15995319,0.10888033,0.2124621,0.03990295
0.07353259,0.16950671,0.089904584,0.2983099,0.0777253,0.23513891,0.08706809,0.32212394,0.4789074,0.34400767,0.5743517,0.14051294,0.20988151,0.15351528,0.029592074,0.19915028,0.15995319,0.09783144,0.21908355,0.03990295
0.07353259,0.18477103,0.07703398,0.2983099,0.0777253,0.26140225,0.100409366,0.32212394,0.4789074,0.2906907,0.56634474,0.14051294,0.20988151,0.17303689,0.033816718,0.19915028,0.15995319,0.090099156,0.22239523,0.03990295
0.07353259,0.19233923,0.08616613,0.2983099,0.0777253,0.27764314,0.10465904,0.32212394,0.4789074,0.25187135,0.55707496,0.14051294,0.20988151,0.19190936,0.034229767,0.19915028,0.15995319,0.0862369,0.21787009,0.03990295
0.07353259,0.19776504,0.09186413,0.2983099,0.0777253,0.28492832,0.09969779,0.32212394,0.4789074,0.22159022,0.5668011,0.14051294,0.20988151,0.20999512,0.031576086,0.19915028,0.15995319,0.085721284,0.2100609,0.03990295
0.07353259,0.20168635,0.091220304,0.2983099,0.0777253,0.29059437,0.08995594,0.32212394,0.4789074,0.18790014,0.5897711,0.14051294,0.20988151,0.23155294,0.028014062,0.19915028,0.15995319,0.08826618,0.20103858,0.03990295
0.07353259,0.211221,0.08236978,0.2983099,0.0777253,0.29477718,0.08044669,0.32212394,0.4789074,0.14666237,0.6196387,0.14051294,0.20988151,0.25615102,0.025127165,0.19915028,0.15995319,0.09118845,0.1924177,0.03990295
0.07353259,0.21330373,0.07466576,0.2983099,0.0777253,0.30014634,0.07306006,0.32212394,0.4789074,0.10721897,0.6458009,0.14051294,0.20988151,0.28446317,0.02318592,0.19915028,0.15995319,0.094867796,0.1832874,0.03990295
0.07353259,0.20061406,0.07048628,0.2983099,0.0777253,0.3062514,0.06839712,0.32212394,0.4789074,0.081222914,0.66468805,0.14051294,0.20988151,0.31378645,0.022055656,0.19915028,0.15995319,0.09812516,0.1743729,0.03990295
0.07353259,0.18524821,0.06973649,0.2983099,0.0777253,0.3077176,0.06637914,0.32212394,0.4789074,0.06970593,0.6769211,0.14051294,0.20988151,0.3368477,0.021625688,0.19915028,0.15995319,0.10048057,0.16533755,0.03990295
0.07353259,0.18024239,0.06874197,0.2983099,0.0777253,0.30159238,0.06668058,0.32212394,0.4789074,0.066738166,0.6857131,0.14051294,0.20988151,0.34977964,0.022023827,0.19915028,0.15995319,0.10164742,0.1568405,0.03990295
0.07353259,0.18770343,0.06936689,0.2983099,0.0777253,0.28848764,0.06865961,0.32212394,0.4789074,0.06808348,0.6901029,0.14051294,0.20988151,0.35365602,0.023316586,0.19915028,0.15995319,0.10206941,0.14855406,0.03990295
0.07353259,0.19178589,0.078061886,0.2983099,0.0777253,0.2749255,0.070877396,0.32212394,0.4789074,0.07676661,0.685851,0.14051294,0.20988151,0.35423985,0.025268907,0.19915028,0.15995319,0.10228217,0.13994084,0.03990295
0.07353259,0.18938075,0.083754905,0.2983099,0.0777253,0.26328164,0.07245083,0.32212394,0.4789074,0.09692279,0.6825183,0.14051294,0.20988151,0.34872937,0.027313735,0.19915028,0.15995319,0.10168544,0.1339622,0.03990295
0.07353259,0.17072856,0.087320834,0.2983099,0.0777253,0.25762665,0.07104523,0.32212394,0.4789074,0.13037255,0.6818277,0.14051294,0.20988151,0.33783555,0.028028695,0.19915028,0.15995319,0.103436686,0.13177754,0.03990295
0.07353259,0.13858327,0.08597683,0.2983099,0.0777253,0.2573001,0.06618552,0.32212394,0.4789074,0.17295118,0.6881953,0.14051294,0.20988151,0.3214479,0.026956132,0.19915028,0.15995319,0.10971753,0.13268626,0.03990295
0.07353259,0.119742274,0.08074274,0.2983099,0.0777253,0.25418544,0.059904963,0.32212394,0.4789074,0.2121963,0.6973924,0.14051294,0.20988151,0.29577598,0.02509067,0.19915028,0.15995319,0.11809999,0.1368692,0.03990295
0.13543318,0.12695926,0.07527999,0.10498872,0.13690263,0.24556452,0.054043766,0.119415306,0.28598472,0.23716858,0.70429665,0.29134303,0.054693628,0.264749,0.023701185,0.11928352,0.3869858,0.12555863,0.14267842,0.36496943
0.14211938,0.1340261,0.07225845,0.12181732,0.14729992,0.23990007,0.049728926,0.11575166,0.27112597,0.25129798,0.7059762,0.28702152,0.0560415,0.24110208,0.023438336,0.12068496,0.38341326,0.13367376,0.14859809,0.35472453
0.15197448,0.13503146,0.07274381,0.13882431,0.15595777,0.2398797,0.04736835,0.11602119,0.2599211,0.25743562,0.7018196,0.2763775,0.058268633,0.22572114,0.0244614,0.12470028,0.373878,0.14193206,0.15360682,0.34407672
0.16396123,0.14251667,0.07626502,0.15596859,0.16346659,0.2415769,0.046973363,0.11857026,0.24997897,0.25515887,0.69310933,0.26323766,0.061544817,0.21291381,0.026684096,0.13010383,0.36104837,0.14783376,0.15696818,0.33211967
0.1762833,0.14531943,0.07951032,0.17295781,0.17097837,0.24648467,0.04837322,0.12201444,0.24003209,0.25177875,0.6810974,0.25012642,0.06532017,0.20311716,0.029936953,0.13558982,0.34738606,0.15329999,0.16108213,0.31931153
0.18741742,0.14311704,0.08369698,0.18542707,0.17846477,0.25268385,0.0507782,0.1268263,0.23054911,0.25072217,0.66550523,0.2393952,0.06907033,0.19501168,0.03359502,0.14078231,0.33449838,0.15846527,0.16642459,0.30756912
0.1969985,0.14203684,0.08895083,0.19702943,0.18476887,0.2573577,0.053164355,0.1329657,0.22199254,0.25208756,0.648479,0.22978967,0.07251068,0.18737286,0.036795903,0.14446376,0.3237294,0.16114505,0.17260991,0.29575142
0.20798837,0.14336029,0.09383746,0.23379067,0.18464147,0.2603496,0.054987546,0.13492465,0.21639232,0.25583175,0.63394,0.21453758,0.074111015,0.1798508,0.038889952,0.14080048,0.31686684,0.16060759,0.17834507,0.27594662
0.21332395,0.14118163,0.096290946,0.28467798,0.1708472,0.26307118,0.05675119,0.13051797,0.22816558,0.26394102,0.6247138,0.20237678,0.06998933,0.17298776,0.039899327,0.12793651,0.31767395,0.15881841,0.18234473,0.25449076
0.21332395,0.13737458,0.0970636,0.28467798,0.1708472,0.2625111,0.058696877,0.13051797,0.22816558,0.27675223,0.61952436,0.20237678,0.06998933,0.16484793,0.04010934,0.12793651,0.31767395,0.15851414,0.18460582,0.25449076
0.21332395,0.13029097,0.09673052,0.28467798,0.1708472,0.25421908,0.06076662,0.13051797,0.22816558,0.29299116,0.61548597,0.20237678,0.06998933,0.15536837,0.03983816,0.12793651,0.31767395,0.16713043,0.18717873,0.25449076
0.21332395,0.119153164,0.10520239,0.28467798,0.1708472,0.23650378,0.062448442,0.13051797,0.22816558,0.3129961,0.6039451,0.20237678,0.06998933,0.14610474,0.03945823,0.12793651,0.31767395,0.1852422,0.18894583,0.25449076
0.2050525,0.10789886,0.11544776,0.2822045,0.18261218,0.21294896,0.06540844,0.13023867,0.2165371,0.33471268,0.5865095,0.20529695,0.07334794,0.13891008,0.040314317,0.13010933,0.32245028,0.2055294,0.19231993,0.25215057
0.21112609,0.100215234,0.13191506,0.28939742,0.19465575,0.19028978,0.071056746,0.13297723,0.20175672,0.35420108,0.55768037,0.20002468,0.077451095,0.13506666,0.04309122,0.13370143,0.31501037,0.22022723,0.19625661,0.24389926
0.20688014,0.09482714,0.1561888,0.30999768,0.21002065,0.1743263,0.08078443,0.13993429,0.19686855,0.36857137,0.51635253,0.18457055,0.08434919,0.13515255,0.048430994,0.139312,0.30188146,0.22712262,0.19824322,0.22618549
0.19359513,0.09372461,0.18456526,0.3449402,0.22551203,0.16638078,0.095502205,0.15115434,0.19899249,0.37481192,0.46610108,0.15784693,0.09376017,0.1380901,0.05681441,0.14655745,0.28814018,0.22699258,0.19701706,0.19950108
0.1962039,0.09593297,0.21912804,0.3886246,0.2314388,0.16544554,0.112811305,0.16537727,0.20060816,0.37328142,0.41160735,0.12629837,0.10108227,0.14230941,0.06716807,0.15336652,0.27066687,0.22303067,0.18928523,0.16633323
0.20133916,0.09301458,0.25079188,0.42612523,0.22870891,0.16965331,0.12850384,0.17954126,0.20429546,0.3696015,0.36617318,0.10276872,0.10470261,0.14736249,0.077072665,0.1560144,0.26095387,0.22036812,0.17745844,0.13555041
0.19585432,0.086610906,0.26780143,0.440332,0.21939369,0.17547813,0.1403536,0.19083187,0.21469863,0.3665296,0.33852684,0.09712991,0.103279576,0.1518398,0.08463559,0.15230803,0.2667738,0.21954156,0.16868252,0.11939821
0.18154655,0.08431506,0.2747196,0.4319343,0.2018449,0.17966883,0.14803918,0.19829366,0.23396154,0.36259538,0.32528064,0.107830085,0.09706953,0.1544557,0.08893012,0.14198902,0.28557748,0.21896502,0.16303046,0.11995294
0.18154655,0.08423696,0.27441746,0.4319343,0.2018449,0.18215206,0.1531221,0.19829366,0.23396154,0.35940662,0.3223815,0.107830085,0.09706953,0.15565942,0.09105651,0.14198902,0.28557748,0.21854493,0.15902244,0.11995294
0.18154655,0.08606498,0.2703368,0.4319343,0.2018449,0.18318897,0.15523453,0.19829366,0.23396154,0.35666418,0.32718232,0.107830085,0.09706953,0.15583399,0.09191873,0.14198902,0.28557748,0.21824788,0.15532762,0.11995294
0.18154655,0.0868142,0.26555946,0.4319343,0.2018449,0.18347955,0.15321147,0.19829366,0.23396154,0.3548313,0.33960405,0.107830085,0.09706953,0.15632227,0.09157602,0.14198902,0.28557748,0.21855266,0.150049,0.11995294
0.18154655,0.08812747,0.26211432,0.4319343,0.2018449,0.18324712,0.14677662,0.19829366,0.23396154,0.35212722,0.3585075,0.107830085,0.09706953,0.15781489,0.08942705,0.14198902,0.28557748,0.21868329,0.14317448,0.11995294
0.11771469,0.09272093,0.25669557,0.19645259,0.12414641,0.1834487,0.13880391,0.30237877,0.62205786,0.34522367,0.3833842,0.10903025,0.07925825,0.16166507,0.08612672,0.27438763,0.056822795,0.21694164,0.13498957,0.11775074
0.12741706,0.10232904,0.25094768,0.21914606,0.1424003,0.18685253,0.13245223,0.3186052,0.5855945,0.33203527,0.4084499,0.099519685,0.08472575,0.16960807,0.08284801,0.25115085,0.059862424,0.20917508,0.12530218,0.11157821
0.13931856,0.117680214,0.25179824,0.2490043,0.16171204,0.19685024,0.12921129,0.32925844,0.5411283,0.3085255,0.42433897,0.08944662,0.089492664,0.18367988,0.0806301,0.22744605,0.06834849,0.19326414,0.114021406,0.10484457
0.1670153,0.13735422,0.25620645,0.2669655,0.17369075,0.21639957,0.13015099,0.3388319,0.4891046,0.27058604,0.42929083,0.08163109,0.0920937,0.20551756,0.08076639,0.21093176,0.07809566,0.17014262,0.10358534,0.10163975
0.19464725,0.16012083,0.24192402,0.2710037,0.17866683,0.24516462,0.1378906,0.3482078,0.44615042,0.21625918,0.4369132,0.07655033,0.09430843,0.23469213,0.08525388,0.2030301,0.08622706,0.14376323,0.0980183,0.10120809
0.21525612,0.18399125,0.23377936,0.27587378,0.1800872,0.2773823,0.14575043,0.35176414,0.416851,0.1518634,0.436553,0.072038956,0.096901916,0.2663702,0.08973797,0.20117988,0.090903744,0.1203928,0.09417925,0.099143274
0.24336477,0.20471258,0.22078732,0.27333528,0.1772622,0.3026206,0.15371305,0.35434788,0.39123905,0.09486515,0.4393866,0.06873998,0.097682774,0.29247516,0.0935072,0.20870686,0.09045123,0.10532652,0.09260585,0.09487002
0.26280284,0.21813889,0.21120532,0.26814723,0.17591278,0.31460547,0.15948565,0.3541181,0.3741194,0.061170228,0.44337225,0.066317104,0.09857669,0.30837128,0.094467156,0.22284457,0.088588275,0.09771415,0.091469646,0.088572994
0.27951464,0.22352129,0.21020119,0.2610216,0.17494306,0.31644022,0.1622481,0.35098392,0.35939097,0.051443435,0.44647953,0.06647339,0.099126965,0.31725562,0.09232644,0.23903786,0.087024376,0.09133943,0.08874473,0.082483225
0.2923156,0.22176544,0.21270317,0.25395256,0.17419717,0.31532142,0.16345032,0.3452923,0.34592357,0.054147743,0.44936576,0.070188954,0.09973069,0.325621,0.08877898,0.25186813,0.08783297,0.083144404,0.08570177,0.07869808
0.30113629,0.2220685,0.21950333,0.24406374,0.16664006,0.31062546,0.16314845,0.3322101,0.33372736,0.06282178,0.44930878,0.08418508,0.09649004,0.3315153,0.08460884,0.2539755,0.10200627,0.07296893,0.0834306,0.08556558
0.33487284,0.21783325,0.2270023,0.24406374,0.13065979,0.30443254,0.16256963,0.3322101,0.31581274,0.07671288,0.44629395,0.08418508,0.07662182,0.33624744,0.080556884,0.2539755,0.14203282,0.06477388,0.08357725,0.08556558
0.3388208,0.20333855,0.23505981,0.2267617,0.13413085,0.29469538,0.1639698,0.3475296,0.29966944,0.10306879,0.4378197,0.08220839,0.07855078,0.3360762,0.07677176,0.25713247,0.14882816,0.062821105,0.08637893,0.08636785
0.34106788,0.17477904,0.24717791,0.2158666,0.14019121,0.2803387,0.16860329,0.35880262,0.2768979,0.14766937,0.4195697,0.081540465,0.081225835,0.32728204,0.07324664,0.25876814,0.16061716,0.06993083,0.09140248,0.08502217
0.34095502,0.16736136,0.278944,0.21350747,0.14673676,0.253443,0.17390662,0.3633973,0.25192037,0.1991815,0.38174438,0.08109632,0.08379127,0.29852834,0.06916326,0.2596773,0.1765966,0.08148579,0.09624176,0.08232161
0.34798145,0.18198463,0.32319665,0.20678028,0.1478615,0.2233589,0.18060131,0.365782,0.22788942,0.24160665,0.3295558,0.0817194,0.08411274,0.25988185,0.0656044,0.26500642,0.1921549,0.09316795,0.101041816,0.0807119
0.3507463,0.1861938,0.3625221,0.20179991,0.14307228,0.20470536,0.19062968,0.36200967,0.21658933,0.27367157,0.27541125,0.083149925,0.083248235,0.23016931,0.06382428,0.27329373,0.20634384,0.10525999,0.107612684,0.079746746
0.3488708,0.17908798,0.38219914,0.19629967,0.13289435,0.19751865,0.20566548,0.3536794,0.21949652,0.29614106,0.23010966,0.08594099,0.08154634,0.21099178,0.06423746,0.28527132,0.21719198,0.11626053,0.11778826,0.07880864
0.34321293,0.1725363,0.39388573,0.18630353,0.12046564,0.1966968,0.21897297,0.34404498,0.23222831,0.30804607,0.19439146,0.090620436,0.07894939,0.19885424,0.06476572,0.30208418,0.22514372,0.123866566,0.12798414,0.07694689
0.33200142,0.16834788,0.4027042,0.15827684,0.10957114,0.19871004,0.22535777,0.33992922,0.24970521,0.31308684,0.17128246,0.098730385,0.07533052,0.19229199,0.064822316,0.3279195,0.2333917,0.12756327,0.13583326,0.07514403
0.30743587,0.16641155,0.40587878,0.12646098,0.10236438,0.20048594,0.22598347,0.3354777,0.27136454,0.3154385,0.16072056,0.10970365,0.07133782,0.18965124,0.065613516,0.35428217,0.24749736,0.12801276,0.14180368,0.07407548
0.27426603,0.16638248,0.40438047,0.1049035,0.097060464,0.20046923,0.22390586,0.32504627,0.29375848,0.31716827,0.15698947,0.12346731,0.06688183,0.18916927,0.068032585,0.3698943,0.2680332,0.12681077,0.1466916,0.0766886
0.23993187,0.16647485,0.4006561,0.1049035,0.090368286,0.19874786,0.2217317,0.32504627,0.31523517,0.31935632,0.15500131,0.12346731,0.061680257,0.1897657,0.071988404,0.3698943,0.29278442,0.12565526,0.1506225,0.0766886
0.24468976,0.1668006,0.3967257,0.1049035,0.092913024,0.19563253,0.22084044,0.32504627,0.3063077,0.3212318,0.15193015,0.12346731,0.06456681,0.19023678,0.076574996,0.3698943,0.2915227,0.12609829,0.1539287,0.0766886
0.245393,0.16756278,0.39387536,0.1049035,0.09805479,0.1915756,0.22168526,0.32504627,0.29715827,0.3223054,0.14697132,0.12346731,0.06660593,0.18983306,0.080895625,0.3698943,0.292788,0.12872316,0.15657243,0.0766886
0.26634675,0.16898687,0.39382467,0.1049035,0.11178614,0.18778996,0.22405808,0.32504627,0.27687967,0.32162276,0.1393912,0.12346731,0.07133986,0.18847519,0.08451511,0.3698943,0.27364758,0.1331252,0.15821093,0.0766886
0.22922368,0.17340252,0.39759094,0.36902532,0.30416253,0.18548904,0.22741182,0.28067902,0.13773653,0.31755087,0.12883633,0.037093993,0.17743537,0.1862565,0.087715656,0.26894397,0.1514419,0.13730106,0.15844527,0.044257715
0.22229832,0.18094952,0.40426975,0.3660511,0.3072576,0.1867144,0.22972402,0.28874248,0.14974654,0.30732203,0.118870586,0.03788135,0.17135702,0.18543783,0.09084244,0.2593586,0.14934051,0.13957623,0.1562932,0.047966447
0.21424665,0.19097036,0.4113464,0.36746192,0.30827075,0.19333147,0.22882915,0.294597,0.16141726,0.28754246,0.11530285,0.04117323,0.1639778,0.18938503,0.09372381,0.245623,0.15208755,0.13877068,0.15079778,0.051144835
0.20703669,0.20554247,0.41660967,0.3711771,0.309548,0.20534496,0.22305425,0.29621103,0.16919707,0.2545576,0.12154486,0.045601014,0.1569871,0.20030719,0.09630758,0.23330455,0.15723115,0.13424776,0.14248365,0.05370629
0.20406114,0.22722399,0.41435578,0.37314585,0.31149724,0.22089687,0.21406828,0.29433542,0.17163087,0.20850956,0.1385137,0.049833745,0.1519426,0.21832326,0.09961611,0.22605245,0.16086814,0.1250463,0.13344611,0.056632552
0.21229103,0.24550053,0.38685998,0.37675324,0.3106223,0.2393182,0.20994945,0.28891253,0.16802727,0.1590288,0.16669247,0.052650373,0.1488021,0.24381447,0.107666224,0.22199447,0.1602573,0.112337984,0.12883188,0.059689388
0.22004133,0.25372946,0.3270622,0.37919253,0.31023952,0.25702807,0.21456529,0.28409368,0.16266285,0.11674774,0.20471287,0.053977214,0.14934902,0.27382132,0.12303655,0.22002569,0.15770726,0.09867339,0.13062309,0.06271088
0.22865671,0.24415042,0.2523299,0.3786947,0.30841705,0.27145252,0.22372206,0.28387427,0.15719213,0.091297984,0.24470209,0.054211594,0.15135065,0.30476716,0.14294001,0.21824792,0.15438347,0.08833192,0.13630596,0.06497152
0.23549406,0.23988122,0.23288578,0.3790243,0.3062183,0.27444223,0.21898845,0.2878296,0.15296169,0.079525925,0.261102,0.053505156,0.1533854,0.3236548,0.1522545,0.21448173,0.15194054,0.08249583,0.13476929,0.06515922
0.24001582,0.22910787,0.22896717,0.38880274,0.3051975,0.275457,0.21349739,0.29029575,0.14942378,0.074611455,0.26807407,0.05130665,0.15473442,0.33630216,0.1561269,0.20740773,0.15062849,0.08452154,0.13333447,0.062187117
0.2535002,0.22081408,0.22696953,0.40107563,0.30230993,0.27567923,0.21028386,0.29132107,0.14271902,0.06991178,0.273185,0.048159715,0.15318274,0.34096947,0.15667191,0.20181762,0.14828812,0.09262545,0.13288969,0.057625987
0.26977667,0.20577708,0.22517312,0.4047394,0.30049232,0.27999857,0.20882761,0.29411566,0.13376491,0.065475315,0.2775071,0.04528392,0.15025073,0.3422616,0.15511698,0.20228691,0.14571537,0.10648741,0.13337518,0.053574085
0.2724585,0.18785568,0.22951223,0.4148927,0.3095809,0.28703853,0.2066878,0.29395747,0.12449442,0.06328305,0.27829617,0.04066819,0.14745213,0.33995968,0.15214087,0.200442,0.1460141,0.12186306,0.13336293,0.050039615
0.2875972,0.17675151,0.22895016,0.42676204,0.31221795,0.2935282,0.2061103,0.29016483,0.11574504,0.06382303,0.2786857,0.038164493,0.1416904,0.33258834,0.15127656,0.1975977,0.14274941,0.13330892,0.1349773,0.04731093
0.30337653,0.16525635,0.23462033,0.43243802,0.31344894,0.30150354,0.20437962,0.2889388,0.10731983,0.06735342,0.27493808,0.03713174,0.13581446,0.32679394,0.15057434,0.19586267,0.14004026,0.13909276,0.13548763,0.045628797
0.3332552,0.1589117,0.23891711,0.43072408,0.30809993,0.30806378,0.20432794,0.29080486,0.09683128,0.071093544,0.27102813,0.036725387,0.12728183,0.3224216,0.15080805,0.19620317,0.13453175,0.13950938,0.13491876,0.045542486
0.3704602,0.15603347,0.24180788,0.42649853,0.29993138,0.3125893,0.20696999,0.29237917,0.084533215,0.07485131,0.2662953,0.035893764,0.11805118,0.3195931,0.15189195,0.19873981,0.12702402,0.13693282,0.13303487,0.046488706
0.3882246,0.14231202,0.2439899,0.42300227,0.3012518,0.31885687,0.21280727,0.29170495,0.07380473,0.082151905,0.25782356,0.033839636,0.114172585,0.32166514,0.15450203,0.20363975,0.12254628,0.13501409,0.13087724,0.04781339
0.40083256,0.13478091,0.25365782,0.41695198,0.3033508,0.3198194,0.21860357,0.29173356,0.0647936,0.09284849,0.24271661,0.030730931,0.11285477,0.32112536,0.15744947,0.21103856,0.11816826,0.13142586,0.12757254,0.04954496
0.41694215,0.14064465,0.26412186,0.40705422,0.29873958,0.31279498,0.2247073,0.29536715,0.06004643,0.10469848,0.22348265,0.027280439,0.11111982,0.31642804,0.16142209,0.21889259,0.11315203,0.12543386,0.12626606,0.05140559
0.42976627,0.16034833,0.27384925,0.3961272,0.28919727,0.29888073,0.22970907,0.30202386,0.061846443,0.11344608,0.20332855,0.02418053,0.10815357,0.30890885,0.16422316,0.22432163,0.11103644,0.11841601,0.12888996,0.05334676
0.4240281,0.18122473,0.27891603,0.38830277,0.28282514,0.2851663,0.2332255,0.3083218,0.07111053,0.118321,0.18632482,0.02178659,0.10638936,0.301743,0.16376427,0.22636646,0.115646854,0.11354495,0.13776939,0.055222366
0.41175416,0.19550757,0.27986822,0.38250417,0.27609032,0.27681777,0.23443629,0.31180948,0.08386935,0.12119294,0.17512336,0.020241207,0.10520553,0.29421455,0.15903676,0.22811797,0.12308062,0.11226716,0.15153536,0.057327166
0.39819354,0.20924842,0.27897662,0.37800765,0.26931605,0.27309427,0.23340389,0.31031144,0.09792998,0.12340587,0.1688962,0.01956877,0.10550512,0.28178072,0.15147911,0.2324408,0.12905534,0.112470716,0.16724417,0.05967135
0.38656726,0.22440062,0.2790402,0.37328005,0.2635421,0.27313718,0.2311215,0.30457085,0.11197284,0.12562817,0.16434148,0.019786077,0.10730071,0.26583114,0.14384578,0.23994544,0.1306171,0.11100287,0.18165106,0.062417567
0.3780826,0.23024178,0.2889503,0.36461952,0.26026592,0.27953795,0.2262098,0.29844677,0.124337934,0.12824968,0.1577597,0.020856434,0.10938023,0.25523683,0.1365892,0.25026232,0.12793332,0.10673376,0.190491,0.06581495
0.37206,0.22717871,0.29323032,0.3521966,0.25990468,0.2906408,0.22412512,0.29429087,0.13509601,0.1293891,0.15248132,0.022625132,0.11029214,0.2538464,0.1333794,0.26125842,0.122647166,0.098945,0.19678383,0.06962899
0.36186942,0.22591281,0.28916344,0.334233,0.2629688,0.30096102,0.2255267,0.29371524,0.14730094,0.12668802,0.1495391,0.025421722,0.11011878,0.25833336,0.1342679,0.2725944,0.11774204,0.0881048,0.20150286,0.07403568
0.35876927,0.22587888,0.27796304,0.33032218,0.26180995,0.30860013,0.22920954,0.2877975,0.15961431,0.121968694,0.1498931,0.029927228,0.1074301,0.26562122,0.13854344,0.27606058,0.11237638,0.07793109,0.20439088,0.07589252
0.3801492,0.22663221,0.2796574,0.33229247,0.24774969,0.3124407,0.22704172,0.28045884,0.16611218,0.118136995,0.1501785,0.03760711,0.10134833,0.27119663,0.14169684,0.2746717,0.10464062,0.071593456,0.20142552,0.07496989
0.3932682,0.2283009,0.28162473,0.32443935,0.23472798,0.3127335,0.22137196,0.27968082,0.17220338,0.116551384,0.15371844,0.049268976,0.099476,0.27239674,0.14556889,0.27431962,0.10032445,0.070017464,0.19771595,0.072291225
0.39382505,0.23157452,0.29068014,0.30339304,0.22586629,0.31113568,0.21078497,0.28782284,0.17780608,0.11600191,0.15811738,0.06372778,0.103338726,0.26899683,0.14823957,0.276454,0.09916383,0.07229104,0.19217792,0.068602316
0.38815874,0.23648232,0.30273467,0.28252897,0.2201581,0.3105568,0.19835007,0.29876527,0.18105157,0.11347299,0.16181958,0.07751801,0.111129984,0.26259276,0.15013058,0.27702847,0.09950161,0.07689512,0.18696511,0.06415928
0.3772263,0.24148098,0.30752796,0.26582468,0.21848108,0.31316546,0.18960795,0.30912507,0.18208936,0.1066271,0.16505988,0.088509135,0.12128541,0.2553751,0.15259492,0.27645218,0.10091787,0.08335139,0.18520932,0.06008893
0.36899525,0.24236792,0.30868104,0.2535768,0.21827406,0.3197483,0.18410474,0.3174589,0.17978984,0.09648196,0.16883321,0.096224345,0.13106251,0.24968119,0.15369537,0.27557936,0.10187835,0.09172064,0.18468565,0.057160605
0.3680801,0.23796485,0.30922124,0.23048817,0.21808898,0.3277657,0.18011902,0.3304785,0.17371427,0.08690889,0.17596504,0.10301637,0.13908094,0.24613969,0.15256853,0.28005058,0.101035684,0.10122085,0.18212613,0.055966407
0.3567923,0.23302472,0.30971646,0.21857747,0.22444603,0.33285272,0.17693852,0.3398902,0.16912918,0.08043379,0.18782477,0.1063517,0.1489669,0.24409825,0.1503519,0.28109926,0.10066559,0.10959053,0.17516835,0.054081343
0.3535192,0.22470146,0.3117365,0.22410911,0.23033576,0.33546776,0.17502928,0.34371182,0.16204984,0.07797508,0.20073727,0.105697766,0.15556845,0.24588309,0.14913288,0.27562848,0.09852675,0.115972616,0.16336408,0.05085283
0.35555077,0.21409792,0.31310642,0.23522434,0.23442975,0.3358655,0.17659748,0.34718204,0.1542692,0.07761057,0.21035096,0.10317398,0.15812044,0.25187412,0.15082535,0.26674742,0.09762982,0.120551884,0.14911981,0.04767223
0.3570023,0.20771435,0.31369755,0.24045034,0.23603633,0.3311007,0.18075898,0.35478875,0.14812115,0.07912046,0.21795249,0.10080351,0.15785998,0.25911322,0.15399848,0.25806695,0.100980245,0.122951254,0.13359249,0.045890447
0.35807934,0.20537882,0.31501204,0.24570298,0.23302814,0.32124823,0.18217893,0.36319518,0.14459921,0.085176535,0.232176,0.09847421,0.15680553,0.2643648,0.15357913,0.24756968,0.10748774,0.1238316,0.117053896,0.045057945
0.35977468,0.17958662,0.31384224,0.24886583,0.22547112,0.31821617,0.17675325,0.37266245,0.14232618,0.10010341,0.2617453,0.09678379,0.15789364,0.2737063,0.14598805,0.23660931,0.114534386,0.12838753,0.10167117,0.045078624
0.36278978,0.15747872,0.2973616,0.25051016,0.21575594,0.31361073,0.16791573,0.38267058,0.13909179,0.119396806,0.3094166,0.095739566,0.16317327,0.27734974,0.13417144,0.22564441,0.119189225,0.13216402,0.09113461,0.0454353
0.36496294,0.1421844,0.27946806,0.25390297,0.20775886,0.30955097,0.1575466,0.39124638,0.13355692,0.13648658,0.35880345,0.09382278,0.17220871,0.2767866,0.11970557,0.2145711,0.12151257,0.13499147,0.08447632,0.04645677
0.3680797,0.13275975,0.26089057,0.2723803,0.20386808,0.30773914,0.1505763,0.39058524,0.12509514,0.14733063,0.39971915,0.08758631,0.18008786,0.27565622,0.10676623,0.20094857,0.12286923,0.13651425,0.08204775,0.048499595
0.3552172,0.12174445,0.24711497,0.29046905,0.19589709,0.30879807,0.14657864,0.37917942,0.13049392,0.15376379,0.42778385,0.08292311,0.1754526,0.27725226,0.09593171,0.18566576,0.1429392,0.13844144,0.08259082,0.061762664
0.3319853,0.12075086,0.23748992,0.29292282,0.20194194,0.30301473,0.14359556,0.38330242,0.13120267,0.16134658,0.44663188,0.07419649,0.18325815,0.27491927,0.08724318,0.18332691,0.15161194,0.13996856,0.08503947,0.06625134
0.2993631,0.1112408,0.21714729,0.28820553,0.21119864,0.28796396,0.14173375,0.39151752,0.13719597,0.18732923,0.47045064,0.06549415,0.18977903,0.2665565,0.08155294,0.18244337,0.16246325,0.1469095,0.08911537,0.07233944
0.2786304,0.121201366,0.18036133,0.27864093,0.21641904,0.25004932,0.14116919,0.40334237,0.14418,0.23507217,0.5033028,0.058508422,0.18994467,0.23757768,0.07933393,0.18060382,0.17082588,0.15609948,0.09583271,0.07890449
0.25227714,0.12582564,0.16151018,0.28006482,0.2229443,0.20535105,0.13778938,0.4089647,0.1540055,0.30134118,0.5185582,0.05346868,0.18968375,0.2004167,0.07831539,0.17449167,0.18108931,0.16706544,0.10382684,0.08301014
0.24631847,0.13014075,0.16140382,0.28401062,0.22291425,0.16595869,0.13476582,0.41095084,0.16128014,0.3648388,0.50827616,0.051282343,0.18323809,0.16556047,0.08022574,0.16861351,0.18624903,0.17350128,0.11532847,0.08514269
0.2419306,0.14051259,0.17035928,0.28424436,0.22132877,0.13777432,0.13485934,0.411802,0.16974537,0.40966347,0.47920132,0.051541463,0.17640485,0.13956162,0.086495884,0.16556159,0.19059041,0.172488,0.12908415,0.08685059
0.23500279,0.14633769,0.18619537,0.27646574,0.21965334,0.12304735,0.13699502,0.41491768,0.17881373,0.43724453,0.44099575,0.053718824,0.17182116,0.1251551,0.09547414,0.16484763,0.19470899,0.16821532,0.1403397,0.09005012
0.22700961,0.14805038,0.19319622,0.2644181,0.21914166,0.118825465,0.14185786,0.4194487,0.18553887,0.4508243,0.4117925,0.05699289,0.17095993,0.11933727,0.10562495,0.16337943,0.1973499,0.16296259,0.14752845,0.0957609
0.21916749,0.14854233,0.19295421,0.25003493,0.22098614,0.121500954,0.1482534,0.42395028,0.18788695,0.4536405,0.39352372,0.06182365,0.17427732,0.11798223,0.114654064,0.15986241,0.19768211,0.15833399,0.15061459,0.10432873
0.21675588,0.14686501,0.19830218,0.23345007,0.22361879,0.12815337,0.1551624,0.42510977,0.18574445,0.4509019,0.37625813,0.06958845,0.17841212,0.11835087,0.120393984,0.15479372,0.19546875,0.15572885,0.14988331,0.117057994
0.2113504,0.14553036,0.20347236,0.22445971,0.22654681,0.13581191,0.16530895,0.41367498,0.18610235,0.44488296,0.35667002,0.08136716,0.17961168,0.118921466,0.124985,0.14657734,0.19638875,0.15485333,0.14956366,0.1339208
0.2113504,0.144694,0.20693004,0.22445971,0.22654681,0.14204772,0.17999162,0.41367498,0.18610235,0.43879163,0.3311969,0.08136716,0.17961168,0.11959911,0.13029917,0.14657734,0.19638875,0.15486753,0.15158227,0.1339208
0.2113504,0.14406952,0.21205749,0.22445971,0.22654681,0.14567856,0.19670284,0.41367498,0.18610235,0.43495068,0.2998628,0.08136716,0.17961168,0.12035653,0.13631493,0.14657734,0.19638875,0.15494469,0.15506196,0.1339208
0.2113504,0.143662,0.21738797,0.22445971,0.22654681,0.14686616,0.21217464,0.41367498,0.18610235,0.434367,0.2696504,0.08136716,0.17961168,0.12082116,0.14209189,0.14657734,0.19638875,0.15428366,0.1586951,0.1339208
0.2113504,0.14348315,0.22222036,0.22445971,0.22654681,0.1470407,0.2243394,0.41367498,0.18610235,0.43606225,0.24558783,0.08136716,0.17961168,0.12078335,0.14650291,0.14657734,0.19638875,0.15263055,0.1613495,0.1339208
0.2113504,0.14375813,0.226616,0.22445971,0.22654681,0.14832309,0.2332536,0.41367498,0.18610235,0.4375352,0.22804761,0.08136716,0.17961168,0.1207362,0.14917141,0.14657734,0.19638875,0.14964737,0.16291139,0.1339208
0.18582977,0.14545551,0.23151025,0.20858353,0.3522613,0.153034,0.24069907,0.5425305,0.26265436,0.4346522,0.21208663,0.03835673,0.087764464,0.12239854,0.15086497,0.19504571,0.11149009,0.14445975,0.16483907,0.015483545
0.26211086,0.15049753,0.23765434,0.21114427,0.3322907,0.16372687,0.24758624,0.52096105,0.22424686,0.4224098,0.19530174,0.03608112,0.08696008,0.12787747,0.1521171,0.21772267,0.09439149,0.13548832,0.16734056,0.014090897
0.34943575,0.1611326,0.23952894,0.21447416,0.3037279,0.18231958,0.25513318,0.4870104,0.18068463,0.39563766,0.18188794,0.03955668,0.08403506,0.13888891,0.15375814,0.23799641,0.082116656,0.12202124,0.1696918,0.020962369
0.35714653,0.17856365,0.24174584,0.19078033,0.2671541,0.2090724,0.26078975,0.42139977,0.19560756,0.35138494,0.17656808,0.09337183,0.077528514,0.15558383,0.15311958,0.238566,0.1025633,0.10539518,0.16777676,0.055882066
0.35714653,0.20081064,0.24631393,0.19078033,0.2671541,0.2399933,0.26258102,0.42139977,0.19560756,0.29372525,0.18196215,0.09337183,0.077528514,0.17472349,0.14728609,0.238566,0.1025633,0.0907473,0.16185682,0.055882066
0.35714653,0.21188968,0.26072142,0.19078033,0.2671541,0.26526645,0.25608918,0.42139977,0.19560756,0.24645062,0.19471276,0.09337183,0.077528514,0.18914485,0.13279665,0.238566,0.1025633,0.08724841,0.15568002,0.055882066
0.35714653,0.18396018,0.28150952,0.19078033,0.2671541,0.27531224,0.2397258,0.42139977,0.19560756,0.24467473,0.20873822,0.09337183,0.077528514,0.19390476,0.111488454,0.238566,0.1025633,0.102148086,0.158538,0.055882066
0.35714653,0.13159262,0.2988031,0.19078033,0.2671541,0.26325053,0.21646161,0.42139977,0.19560756,0.29223204,0.22227895,0.09337183,0.077528514,0.18557814,0.08957204,0.238566,0.1025633,0.12734666,0.1728843,0.055882066
0.35714653,0.09395183,0.3014745,0.19078033,0.2671541,0.23700349,0.1926644,0.42139977,0.19560756,0.3537393,0.23901582,0.09337183,0.077528514,0.16888271,0.07348782,0.238566,0.1025633,0.14642267,0.19335747,0.055882066
0.35714653,0.07019498,0.29124433,0.19078033,0.2671541,0.21566285,0.17164658,0.42139977,0.19560756,0.4031573,0.26206833,0.09337183,0.077528514,0.15494847,0.06409239,0.238566,0.1025633,0.15603639,0.21094836,0.055882066
0.35714653,0.06071924,0.2730748,0.19078033,0.2671541,0.20417883,0.15382269,0.42139977,0.19560756,0.4311633,0.28958142,0.09337183,0.077528514,0.14549443,0.059053257,0.238566,0.1025633,0.15844418,0.22446783,0.055882066
0.35714653,0.058579475,0.25724566,0.19078033,0.2671541,0.1997436,0.13693817,0.42139977,0.19560756,0.44407162,0.31835213,0.09337183,0.077528514,0.13930582,0.054997943,0.238566,0.1025633,0.15829949,0.23246609,0.055882066
0.34931302,0.056831513,0.24425675,0.16746797,0.26936594,0.19570723,0.12161996,0.40842536,0.19624625,0.45492646,0.34878993,0.10258767,0.07958578,0.13422705,0.05099507,0.25775728,0.105489,0.15830773,0.23433828,0.06376175
0.33910897,0.053955328,0.23074858,0.1501536,0.272979,0.18639866,0.10954926,0.38399076,0.19608748,0.47409168,0.3822665,0.11549423,0.083525866,0.12865478,0.047237407,0.27715355,0.1082987,0.15689956,0.23019828,0.073207825
0.3250002,0.050413974,0.2140025,0.136897,0.2775019,0.17217696,0.10180176,0.35373926,0.19600557,0.5011741,0.41686058,0.13234992,0.087996334,0.122802146,0.044089243,0.29206336,0.113495976,0.15343282,0.22324592,0.08495045
0.3250002,0.047085248,0.19882026,0.136897,0.2775019,0.15754363,0.09709195,0.35373926,0.19600557,0.52900636,0.44658896,0.13234992,0.087996334,0.11777188,0.041363038,0.29206336,0.113495976,0.14859286,0.21613577,0.08495045
0.3250002,0.04490459,0.18701454,0.136897,0.2775019,0.14566028,0.09444813,0.35373926,0.19600557,0.55082744,0.4665148,0.13234992,0.087996334,0.11445646,0.039076217,0.29206336,0.113495976,0.14415124,0.21294631,0.08495045
0.3250002,0.042484883,0.17705163,0.136897,0.2775019,0.13773872,0.092572235,0.35373926,0.19600557,0.5650943,0.4818405,0.13234992,0.087996334,0.11320404,0.03724723,0.29206336,0.113495976,0.14147806,0.2112884,0.08495045
0.3250002,0.04088369,0.16527466,0.136897,0.2775019,0.13323657,0.08940261,0.35373926,0.19600557,0.5717001,0.5029081,0.13234992,0.087996334,0.113679715,0.035477567,0.29206336,0.113495976,0.14049995,0.20693707,0.08495045
0.3250002,0.04157579,0.15093435,0.136897,0.2775019,0.13131556,0.08249905,0.35373926,0.19600557,0.5723367,0.5399119,0.13234992,0.087996334,0.11515131,0.03283702,0.29206336,0.113495976,0.13962065,0.19381766,0.08495045
0.3250002,0.042184465,0.13494079,0.136897,0.2775019,0.13221827,0.0723378,0.35373926,0.19600557,0.57074434,0.5906966,0.13234992,0.087996334,0.11794236,0.029239524,0.29206336,0.113495976,0.13691056,0.17278533,0.08495045
0.3250002,0.042135682,0.116648816,0.136897,0.2775019,0.13640451,0.061948672,0.35373926,0.19600557,0.56741214,0.6464675,0.13234992,0.087996334,0.122538984,0.025656473,0.29206336,0.113495976,0.13150871,0.14927854,0.08495045
0.3250002,0.041712973,0.09958255,0.136897,0.2775019,0.14364316,0.053445585,0.35373926,0.19600557,0.56178826,0.6965978,0.13234992,0.087996334,0.12958694,0.022827826,0.29206336,0.113495976,0.12326864,0.12754625,0.08495045
0.3250002,0.045657065,0.08214623,0.136897,0.2775019,0.1516186,0.04757029,0.35373926,0.19600557,0.55062765,0.7384383,0.13234992,0.087996334,0.13863818,0.021070478,0.29206336,0.113495976,0.1134585,0.11077467,0.08495045
0.3250002,0.053040866,0.06986634,0.136897,0.2775019,0.15720326,0.043713834,0.35373926,0.19600557,0.5366918,0.7665184,0.13234992,0.087996334,0.14895877,0.020084755,0.29206336,0.113495976,0.10410532,0.099816635,0.08495045
0.3250002,0.05906976,0.055929355,0.136897,0.2775019,0.15824942,0.041590087,0.35373926,0.19600557,0.52535564,0.7879212,0.13234992,0.087996334,0.15958975,0.019711435,0.29206336,0.113495976,0.09773542,0.09484792,0.08495045
0.3250002,0.0633339,0.053895235,0.136897,0.2775019,0.1557973,0.03991646,0.35373926,0.19600557,0.51797026,0.7941423,0.13234992,0.087996334,0.16977908,0.019413602,0.29206336,0.113495976,0.09311945,0.0926324,0.08495045
0.3250002,0.06620602,0.054462086,0.136897,0.2775019,0.15570427,0.03862231,0.35373926,0.19600557,0.50797635,0.7957067,0.13234992,0.087996334,0.1813582,0.019302193,0.29206336,0.113495976,0.08875517,0.0919067,0.08495045
0.3250002,0.07094478,0.05553557,0.136897,0.2775019,0.16379303,0.037498154,0.35373926,0.19600557,0.48277873,0.79557836,0.13234992,0.087996334,0.19736528,0.019440755,0.29206336,0.113495976,0.08511818,0.09194718,0.08495045
0.3250002,0.07906155,0.057027873,0.136897,0.2775019,0.18299817,0.036365155,0.35373926,0.19600557,0.43482494,0.7944402,0.13234992,0.087996334,0.22000636,0.01987478,0.29206336,0.113495976,0.083108984,0.092292,0.08495045
0.3250002,0.09098792,0.058722943,0.136897,0.2775019,0.21143073,0.03534295,0.35373926,0.19600557,0.36551988,0.7927946,0.13234992,0.087996334,0.24822482,0.020529583,0.29206336,0.113495976,0.08383664,0.09260992,0.08495045
0.3250002,0.098733075,0.060305163,0.24294752,0.2775019,0.24307664,0.034542404,0.3645488,0.19600557,0.29353872,0.791985,0.032363918,0.087996334,0.27784646,0.0213178,0.23264822,0.113495976,0.08680513,0.09184965,0.12749153
0.12649348,0.10079704,0.06185062,0.26039523,0.2680583,0.26817515,0.0341334,0.34231386,0.21121645,0.24066398,0.7911009,0.03007303,0.15092883,0.30120066,0.022252072,0.24047485,0.24330294,0.08916317,0.09066299,0.12674303
0.14589794,0.099309444,0.06411336,0.28839725,0.2688396,0.28179118,0.034349196,0.32127243,0.20923495,0.2157172,0.7881818,0.02761657,0.14250387,0.31532705,0.02357945,0.24085727,0.23352365,0.087855116,0.089776225,0.12185648
0.15102772,0.09725657,0.066774175,0.3112317,0.27550107,0.28861696,0.035899717,0.30806053,0.20224029,0.2055166,0.78067863,0.026062405,0.1429015,0.32617098,0.025941733,0.23901299,0.22832943,0.0824389,0.09070574,0.11563238
0.15766825,0.09690716,0.07123429,0.32772776,0.28131455,0.29472193,0.03993107,0.30041248,0.19212961,0.19330601,0.7637774,0.026322372,0.14782368,0.3401331,0.030236602,0.23659304,0.2210639,0.0749318,0.094820656,0.10894434
0.16269547,0.09903393,0.073779374,0.33848616,0.2860068,0.3031394,0.048547395,0.2957244,0.18260573,0.17308864,0.7340604,0.028322684,0.15537108,0.3587119,0.03795467,0.23444925,0.21332093,0.066026144,0.10565816,0.10301752
0.16814333,0.10360489,0.07368662,0.34978703,0.28830513,0.31437454,0.0645912,0.2895059,0.17464906,0.14455974,0.6810278,0.03317136,0.16311489,0.3788147,0.051122632,0.23077998,0.20578758,0.058646154,0.12957174,0.096755736
0.18002476,0.107804805,0.08834405,0.37638354,0.2858425,0.3276743,0.08847668,0.27361712,0.16825259,0.11633631,0.58430225,0.042243052,0.16851678,0.39438084,0.07004,0.21968362,0.19736335,0.053803757,0.16883703,0.08807269
0.18500951,0.10992608,0.11490763,0.40027925,0.28352544,0.33945647,0.11597205,0.2571907,0.16789547,0.101706475,0.46269605,0.055277485,0.17368478,0.39649075,0.09192987,0.20766287,0.18988481,0.052420232,0.2144944,0.07958968
0.20736371,0.108906806,0.14208835,0.40814704,0.2745135,0.34490234,0.13674067,0.24807839,0.1680631,0.11132092,0.36560395,0.069886565,0.17306125,0.3806963,0.110654935,0.20048995,0.17699845,0.054173637,0.24491209,0.07339806
0.299893,0.09809933,0.16231425,0.41482896,0.24297713,0.34500766,0.14595427,0.24287242,0.15334874,0.14504443,0.31780657,0.0797358,0.15467528,0.35352635,0.12348496,0.19426917,0.14910586,0.058322232,0.25043994,0.06829366
0.38294125,0.08488727,0.18187235,0.40049958,0.20810452,0.3393083,0.14610997,0.2475538,0.1454845,0.1901177,0.29856053,0.08911995,0.13200718,0.3217655,0.13168658,0.19344139,0.13146256,0.06392123,0.24177058,0.06938529
0.5245032,0.07585156,0.20350832,0.3948268,0.13362078,0.3298654,0.14279284,0.23633581,0.14913106,0.23173195,0.28376785,0.11174066,0.08377464,0.29167104,0.13815998,0.17995235,0.10897032,0.07088005,0.23177102,0.077144355
0.5585803,0.07523949,0.22659868,0.38834447,0.081267245,0.3185118,0.1384914,0.2353073,0.1957851,0.25926915,0.2678296,0.117253795,0.050067518,0.26613522,0.14293991,0.18219875,0.11429986,0.08084434,0.22414042,0.0768957
0.5183059,0.088598296,0.24657215,0.38077,0.05254294,0.30419487,0.13455796,0.23568808,0.26363286,0.27029222,0.25721222,0.12364088,0.03179557,0.2429333,0.14583069,0.18361455,0.13372274,0.09398132,0.21582696,0.07628651
0.43468392,0.105187245,0.26846483,0.37438503,0.039279636,0.28967458,0.1288691,0.23683715,0.34544274,0.2734615,0.2604963,0.13043171,0.023375874,0.22235805,0.14338498,0.18327461,0.15721783,0.10931861,0.19878478,0.07507149
0.42054123,0.11241389,0.26648936,0.3671403,0.03862365,0.27840695,0.12422763,0.23912814,0.3562159,0.27935737,0.29257634,0.13834707,0.023287801,0.20517832,0.13865139,0.18172902,0.16133143,0.12464346,0.17805527,0.073655464
0.40536386,0.114470676,0.24756075,0.35841873,0.037744436,0.27119482,0.11924415,0.2417748,0.36801362,0.28823075,0.3468256,0.14744161,0.023166385,0.18962209,0.1310344,0.17975697,0.16571169,0.13648169,0.15533508,0.072607875
0.3887288,0.1128874,0.2280388,0.34768674,0.036800932,0.27091268,0.11289864,0.24409094,0.38098952,0.29703206,0.40524426,0.15767278,0.022929363,0.17597039,0.12096718,0.17804888,0.17055137,0.14319746,0.13285112,0.07250066
0.37032202,0.11190897,0.21135354,0.33471876,0.036005724,0.2775686,0.10728914,0.24607319,0.39507005,0.30124077,0.45462254,0.16874772,0.022565592,0.16469285,0.111691855,0.1768208,0.17603661,0.1445888,0.11504294,0.07363952
0.35003346,0.11034958,0.19886021,0.32003152,0.035463423,0.28896305,0.1039353,0.24781086,0.4102053,0.3007,0.48954305,0.1809837,0.02211224,0.15723315,0.10514077,0.1756124,0.18218558,0.14275423,0.102520645,0.075561486
0.32788587,0.110235415,0.19457202,0.3023506,0.0351253,0.29940873,0.10289791,0.25027278,0.42646325,0.2973791,0.5072162,0.19465709,0.021591129,0.15390179,0.101684116,0.17414418,0.18893445,0.13907498,0.09362977,0.078575365
0.32525417,0.11157638,0.20320265,0.28523466,0.036372792,0.30510953,0.10336981,0.25370517,0.4272636,0.29232982,0.50572515,0.20683442,0.021592183,0.15476516,0.1009451,0.1714572,0.18951726,0.13621911,0.08675727,0.08276855
0.32401058,0.11142232,0.21478286,0.32896572,0.037104785,0.30631816,0.10565428,0.25056207,0.42690286,0.28507927,0.49382445,0.17892028,0.021596929,0.16042876,0.103707284,0.16292013,0.19038485,0.13675147,0.08203113,0.078631766
0.32363805,0.11263754,0.21887532,0.33929518,0.037292328,0.30419725,0.11036755,0.25651085,0.42626604,0.27119076,0.48144048,0.15497819,0.021478772,0.17107642,0.11029943,0.16676052,0.19132479,0.140898,0.079017214,0.08245526
0.32385996,0.11527552,0.21804921,0.35687625,0.03670462,0.30172098,0.1162894,0.2535621,0.42626294,0.24734128,0.47009614,0.13040692,0.02117394,0.18727061,0.11847376,0.1715892,0.19199853,0.1483916,0.07709149,0.087565534
0.3254012,0.11873008,0.21624681,0.39344582,0.03571185,0.30086163,0.122185074,0.24049082,0.42667308,0.21602808,0.460726,0.10362871,0.020771177,0.20811391,0.12506096,0.17598893,0.19144271,0.1562663,0.07578113,0.08644571
0.33381215,0.12219285,0.21395332,0.37933442,0.03493922,0.30152458,0.12757786,0.27632126,0.4228708,0.18564591,0.45486477,0.036633223,0.020519732,0.22988877,0.12804674,0.23582111,0.18785809,0.16074792,0.07555731,0.07188997
0.3646843,0.12924568,0.21027793,0.40429777,0.03583001,0.3017564,0.1325339,0.2639002,0.40392804,0.16550441,0.45318615,0.034456387,0.02105374,0.24621527,0.12734112,0.22634158,0.17450388,0.15727825,0.07666089,0.071004085
0.4584616,0.13439628,0.2065857,0.42031506,0.041702334,0.30365658,0.13728908,0.2552093,0.33624044,0.1593361,0.4525797,0.03461465,0.024028856,0.25608018,0.124536484,0.21792215,0.13956676,0.1465308,0.07900902,0.07193884
0.19480568,0.13589029,0.20445709,0.43174145,0.23412651,0.30912748,0.14306897,0.24705322,0.29668403,0.16123895,0.4471823,0.037184,0.13005741,0.26124695,0.12262648,0.20905352,0.14432636,0.13249631,0.08266515,0.07496783
0.19170268,0.13125984,0.2109385,0.4389856,0.24162702,0.31901994,0.15072347,0.23942742,0.29138863,0.16392222,0.42756358,0.04110546,0.1253813,0.26519328,0.12388536,0.20040737,0.14990035,0.12060473,0.086889096,0.080074154
0.19207256,0.12071369,0.22468737,0.44494164,0.24833,0.32974938,0.1622001,0.23242538,0.2795513,0.16642871,0.390477,0.045506917,0.12186823,0.2689091,0.13058802,0.19217472,0.15817791,0.114199124,0.092047535,0.084951356
0.20949312,0.118978284,0.24743932,0.45356506,0.24891971,0.33009928,0.17716183,0.22616088,0.26137382,0.17047864,0.3351068,0.049759038,0.117259145,0.26768032,0.14246523,0.18360956,0.16295423,0.112763464,0.097826816,0.08690545
0.2263377,0.13544092,0.27228138,0.46248758,0.24885237,0.3145204,0.19420229,0.22236392,0.24540569,0.17733839,0.2718922,0.053934187,0.11378469,0.2585885,0.15840556,0.17550433,0.16561955,0.114111796,0.10321857,0.08570999
0.23934236,0.15052086,0.29451528,0.47111258,0.2494821,0.2940338,0.20910373,0.2208749,0.23341921,0.19001012,0.2146484,0.05814856,0.11153513,0.24800563,0.1751504,0.16784754,0.16622119,0.11742959,0.106582195,0.0820164
0.24991909,0.15345225,0.30978486,0.47884756,0.25002304,0.2791727,0.21789174,0.22052114,0.22476983,0.2055108,0.17648055,0.061829656,0.109834254,0.24019726,0.1883947,0.16114287,0.1654538,0.12166703,0.10744818,0.07765878
0.25797683,0.1528749,0.31689212,0.48207933,0.25520572,0.2722532,0.21849582,0.22178985,0.21366139,0.21756952,0.16308102,0.06500689,0.1090543,0.23361811,0.19419348,0.15671103,0.16410176,0.12368429,0.10733755,0.074412905
0.26267046,0.15200652,0.318108,0.47992745,0.25774652,0.27451244,0.21199368,0.22152393,0.21287414,0.22290152,0.16967376,0.06957386,0.1051559,0.22840409,0.1906934,0.15328264,0.161553,0.12217541,0.10953118,0.07569212
0.26568544,0.15140422,0.30828437,0.4843729,0.2594,0.2844534,0.20392562,0.2207748,0.21600866,0.22168408,0.18859366,0.07298539,0.09965876,0.22433601,0.1810074,0.14672795,0.15924712,0.1181223,0.118188925,0.07513896
0.2681641,0.15148994,0.2892974,0.48619163,0.2615144,0.2989725,0.1970613,0.22334746,0.2177996,0.2166459,0.2114886,0.07546672,0.09398987,0.22018607,0.16823629,0.14085792,0.15853204,0.112705596,0.13391641,0.07413628
0.27563152,0.15232679,0.26393026,0.4883666,0.26304346,0.31483886,0.1924604,0.22659898,0.2144771,0.21014662,0.23405069,0.07620616,0.088870116,0.21490276,0.1561261,0.1366566,0.15797779,0.107784964,0.15343255,0.07217165
0.2853682,0.15358092,0.23875122,0.48977813,0.26565436,0.32865122,0.18883006,0.22902915,0.20512578,0.20412894,0.255116,0.07546645,0.085575946,0.2089922,0.14701521,0.13586722,0.15827574,0.104646705,0.17028753,0.06985905
0.28175852,0.15479103,0.22253683,0.4752592,0.27516285,0.33737844,0.1840464,0.23642543,0.19378734,0.19889554,0.27445534,0.0753838,0.08634153,0.20494217,0.14107078,0.14245927,0.16294976,0.103992835,0.17789063,0.07047228
0.27325362,0.15567744,0.20148073,0.4382327,0.286667,0.34004346,0.18140574,0.2530911,0.18118712,0.19424297,0.298319,0.07750523,0.08991838,0.20498717,0.14013469,0.1569418,0.16897388,0.10504898,0.17865983,0.07422918
0.26109353,0.15495357,0.18453646,0.4076643,0.2970407,0.33832002,0.17911007,0.2677361,0.171905,0.19024093,0.32101315,0.078814596,0.0955939,0.2103233,0.14040655,0.16944672,0.17436688,0.106162176,0.17493378,0.07633829
0.24711838,0.15283282,0.17111588,0.38567758,0.30404124,0.33465907,0.17794359,0.28046766,0.16918936,0.18641324,0.3389148,0.08066339,0.102218136,0.220409,0.13992105,0.17750712,0.17743286,0.105685845,0.17210466,0.07568427
0.24397086,0.15319397,0.15724967,0.36855796,0.30313766,0.33085585,0.17903168,0.2927761,0.16939838,0.18037748,0.35206965,0.08381224,0.10699914,0.23332313,0.13843913,0.18128909,0.17649396,0.10224958,0.17320985,0.0735646
0.2566332,0.15115522,0.15644564,0.3569853,0.29518655,0.33236137,0.17929776,0.30317992,0.16712452,0.17086424,0.35532305,0.08684378,0.10818231,0.24900416,0.13335039,0.18133827,0.17287344,0.096615024,0.17558317,0.07165274
0.28200942,0.14985941,0.1611682,0.3424718,0.28421667,0.3390015,0.17964274,0.31490305,0.16030784,0.15689395,0.35414654,0.08903863,0.10582487,0.26478127,0.12565796,0.18168405,0.1676412,0.089463845,0.17938456,0.071902476
0.30535737,0.14162576,0.16326787,0.33729625,0.27714953,0.3518641,0.18139414,0.32202744,0.15116937,0.14159265,0.35409507,0.08739042,0.102591515,0.2812489,0.116754666,0.18034412,0.16373222,0.08366863,0.18448827,0.07294176
0.31664652,0.12354726,0.164573,0.3255422,0.27754903,0.3682466,0.18451092,0.33289495,0.1427142,0.1292953,0.35379437,0.08471099,0.10109528,0.29842603,0.10761225,0.18159395,0.16199496,0.08048479,0.18950947,0.0752579
0.32001433,0.11239175,0.1676779,0.29999015,0.28229395,0.37761912,0.19022092,0.35147932,0.13450097,0.12077641,0.34959608,0.08320124,0.10203733,0.31094036,0.10015316,0.1864229,0.1611534,0.078272365,0.19235194,0.07890637
0.3109934,0.11878887,0.17273004,0.27741122,0.291691,0.37421504,0.2002139,0.36881053,0.12780389,0.11661019,0.33815977,0.08211767,0.10686925,0.31533274,0.09680451,0.18965809,0.16264243,0.07505315,0.19209181,0.082002506
0.30990025,0.12735644,0.17804308,0.2698564,0.29607385,0.36661062,0.21517254,0.37752262,0.11973329,0.117467925,0.31907314,0.08101347,0.111966796,0.31791246,0.09926527,0.18791813,0.16232578,0.070652544,0.18844596,0.08368937
0.309709,0.13455756,0.18624717,0.28108007,0.2989137,0.35935634,0.23324168,0.37480927,0.11205142,0.11973036,0.2941971,0.079631954,0.11711707,0.32113478,0.10670018,0.18056142,0.16220883,0.065220945,0.17961389,0.08391732
0.3238255,0.13802049,0.19027972,0.2967017,0.29537767,0.3549753,0.2541235,0.3684955,0.10324199,0.120480105,0.26938027,0.0796283,0.118399,0.32713643,0.11783845,0.17107095,0.15915582,0.059387688,0.16837804,0.08410358
0.32745573,0.1411162,0.1934388,0.30075783,0.29715532,0.35286656,0.27489817,0.368431,0.09716367,0.117454216,0.24467076,0.08232714,0.11945761,0.33524227,0.12981434,0.16249402,0.15876767,0.05332074,0.15717794,0.08599
0.33101243,0.14348252,0.20169693,0.3035856,0.2990731,0.3541799,0.29178414,0.3706494,0.092693955,0.111051805,0.21615705,0.08573803,0.1188788,0.34430617,0.14063317,0.1517442,0.15834172,0.046979643,0.14972872,0.08828279
0.33543456,0.14585227,0.20478337,0.30744696,0.2986622,0.35887432,0.30734596,0.37336138,0.091721006,0.10289635,0.18399268,0.089066215,0.11680476,0.35153353,0.15189774,0.13914809,0.15737747,0.040843528,0.15198024,0.09097735
0.3392373,0.1481131,0.20019656,0.30565345,0.29448262,0.3658772,0.3206071,0.3788118,0.09695033,0.09459497,0.14945613,0.0925677,0.11370421,0.35495967,0.16459583,0.12783892,0.15562554,0.03645504,0.16514438,0.09512811
0.3425116,0.14728397,0.19231202,0.29775912,0.28612855,0.37405437,0.3264069,0.3864305,0.10855019,0.08778081,0.11801686,0.09595052,0.10994125,0.35566664,0.17758486,0.119358204,0.15286842,0.03521421,0.18567938,0.100501664
0.33850008,0.14358822,0.17694813,0.29585665,0.27761382,0.37960914,0.32419968,0.3892888,0.12588498,0.08458307,0.09941223,0.09730306,0.10763052,0.35514528,0.1903523,0.11290079,0.15037063,0.03707431,0.20908767,0.10465066
0.33489603,0.14624572,0.16409534,0.29623377,0.26669642,0.37602526,0.31222188,0.39004835,0.14498709,0.08612007,0.09644256,0.09715612,0.10724247,0.35134745,0.19999829,0.1096899,0.14617799,0.040261496,0.22724193,0.10687186
0.33461875,0.14575128,0.15989943,0.31237325,0.25254437,0.36814973,0.29373598,0.3815641,0.16269046,0.093741745,0.10457394,0.0936678,0.10946893,0.34924987,0.2054033,0.10760052,0.1406775,0.043107346,0.23638736,0.104794316
0.33584663,0.13919502,0.16196993,0.32830915,0.23616531,0.36147714,0.2753482,0.37208474,0.17849693,0.105198205,0.11537882,0.08958895,0.11420546,0.3494762,0.20792508,0.10853267,0.13528565,0.044653445,0.23937799,0.101484485
0.3325172,0.12859555,0.18941304,0.34739935,0.22083445,0.35990378,0.25369066,0.35912284,0.19374223,0.11599702,0.1209786,0.08501101,0.120935805,0.3501109,0.20317495,0.11093964,0.13197029,0.045392774,0.23274276,0.097527154
0.3264498,0.12122932,0.20795882,0.36078495,0.20852727,0.3629218,0.2393182,0.3477449,0.20773597,0.12253898,0.12569214,0.08137758,0.12731093,0.3472192,0.19932131,0.1153484,0.129976,0.0460907,0.22770953,0.094744176
0.31277892,0.11715224,0.21184577,0.36849397,0.20339726,0.369124,0.23182945,0.3389112,0.22085616,0.12444663,0.13297907,0.078731366,0.13328521,0.3416559,0.19751562,0.1206528,0.12968245,0.047621224,0.22583008,0.09321065
0.29847026,0.11258685,0.21122542,0.37317288,0.20464851,0.37711772,0.22683679,0.3324244,0.23017932,0.12369217,0.14223206,0.07685085,0.13805175,0.3360701,0.19499797,0.12538938,0.12865016,0.050533157,0.22470777,0.09216251
0.27862033,0.10251256,0.21503684,0.37827033,0.212127,0.38674223,0.22058819,0.32718462,0.23758218,0.12230357,0.1511996,0.07552496,0.14371839,0.33349824,0.18993242,0.12803972,0.1279521,0.054943386,0.22324297,0.09098039
0.26889446,0.08859479,0.21875742,0.38299766,0.21811506,0.39666507,0.21297395,0.32336065,0.24015264,0.12139756,0.16178036,0.075205356,0.14804983,0.33252248,0.18362384,0.12850907,0.12478802,0.060820095,0.22286443,0.08992728
0.23958512,0.081737466,0.22208092,0.38557124,0.22765218,0.40164354,0.20226684,0.32062486,0.2503539,0.120703615,0.17872934,0.076232485,0.1569011,0.32841337,0.1759364,0.12851308,0.1255077,0.067502,0.2209865,0.08905834
0.20282768,0.07390204,0.22176933,0.37988394,0.23494832,0.4034268,0.18914434,0.32116336,0.26679334,0.122355126,0.20800772,0.07927399,0.16687302,0.3253348,0.16650473,0.1315281,0.12855764,0.074981235,0.21457388,0.08815062
0.19193646,0.0669039,0.21749568,0.37167305,0.23190235,0.3995335,0.17557807,0.3222613,0.27730677,0.12588418,0.24908169,0.08207165,0.1705116,0.32603675,0.15554062,0.1384933,0.12834282,0.081641644,0.20230393,0.08550071
0.19524729,0.064791,0.20999981,0.38578448,0.22705851,0.3881459,0.16464283,0.3126051,0.28096047,0.12915751,0.2951688,0.07924287,0.17109227,0.33204725,0.14417876,0.1442058,0.12564145,0.08585835,0.1860098,0.07816175
0.1945771,0.06753155,0.20445915,0.42186034,0.22962102,0.3714971,0.15715419,0.29309714,0.28033453,0.13086875,0.33750832,0.069913365,0.17392354,0.34288967,0.133053,0.14684103,0.12154381,0.087212965,0.16782534,0.06828813
0.20364892,0.06770057,0.20137107,0.44523,0.2367279,0.35705608,0.15275109,0.28078634,0.26930147,0.13030308,0.37271398,0.059856832,0.17656553,0.35701028,0.1229292,0.1528714,0.113756195,0.08792997,0.15023467,0.06125542
0.22040088,0.069129296,0.20137684,0.45128885,0.24677607,0.34703642,0.15030667,0.27549833,0.25142077,0.12644567,0.40035284,0.05178691,0.17787476,0.36839145,0.113966,0.16300036,0.10352751,0.08899717,0.13399766,0.058425557
0.23482071,0.06992743,0.20386119,0.4578766,0.25881934,0.3435635,0.14907207,0.26608396,0.23551822,0.12001635,0.41952685,0.04669505,0.17703895,0.3752028,0.10640514,0.1711353,0.09380278,0.09128993,0.12113476,0.05820908
0.25796607,0.07257392,0.20650399,0.4607966,0.25890565,0.34489414,0.14915285,0.2520966,0.21831605,0.11312758,0.4305246,0.04848361,0.1652141,0.37613356,0.10048022,0.17546685,0.09959814,0.0932708,0.11333835,0.063156344
0.27812994,0.08016621,0.20763469,0.45106626,0.2301064,0.34802064,0.1513745,0.23253116,0.22033581,0.10886778,0.43357912,0.06523127,0.13578568,0.3697469,0.09589107,0.173238,0.13564216,0.093198486,0.11152063,0.07793333
0.27472392,0.08955072,0.21538052,0.4476249,0.23402056,0.3517306,0.1548051,0.22771995,0.22224064,0.10902567,0.4259338,0.06884371,0.13168186,0.35873356,0.09086412,0.17386235,0.13733302,0.09095944,0.11301648,0.081949115
0.26878247,0.1030357,0.22166568,0.44102558,0.23541687,0.35299712,0.16022995,0.225566,0.22676356,0.11247918,0.41670376,0.07327649,0.12825492,0.34390774,0.08557559,0.17411658,0.14078218,0.08758025,0.115825035,0.08601533
0.26121384,0.108879365,0.21989842,0.4290707,0.23293547,0.35452056,0.16614567,0.22649069,0.234129,0.117458574,0.41482365,0.078167915,0.12544738,0.33312905,0.08068885,0.17623197,0.1462743,0.08601246,0.118443415,0.090038724
0.25325838,0.10813553,0.20112881,0.41344333,0.22642058,0.35439983,0.17191006,0.22907376,0.24442926,0.12248107,0.427575,0.08291011,0.12252466,0.3279624,0.07736555,0.18074864,0.15336712,0.08702119,0.12202057,0.09382413
0.2456377,0.10502629,0.18527344,0.39720404,0.21686499,0.3515179,0.17312598,0.23190153,0.25617605,0.12594353,0.44225,0.08657032,0.11902989,0.32801375,0.074093625,0.18729065,0.16229136,0.08949856,0.12525694,0.097033456
0.23881544,0.10175761,0.174282,0.37707067,0.20652853,0.34712946,0.17155011,0.2368425,0.26706728,0.12750098,0.4523481,0.08904739,0.11509718,0.33186355,0.07126836,0.19630404,0.17249158,0.09174842,0.13055143,0.10073541
0.2335234,0.10426889,0.16765617,0.359747,0.19844054,0.3420674,0.16981207,0.24127154,0.27297598,0.1263297,0.45341346,0.089843065,0.11129061,0.3354789,0.0695597,0.2043086,0.1837695,0.091855116,0.13955861,0.104829796
0.23030561,0.112885475,0.16606414,0.35020018,0.19444022,0.33813024,0.16883165,0.24205993,0.2702677,0.122940645,0.44401675,0.0902063,0.108013,0.33590275,0.06917945,0.20821548,0.19697349,0.0901409,0.15190801,0.10931811
0.22798277,0.119034514,0.16788085,0.3439007,0.19415905,0.33924195,0.16838647,0.23853105,0.2588587,0.11930174,0.42742115,0.09338339,0.10492939,0.33396533,0.069942206,0.20874175,0.21407008,0.08845646,0.1663693,0.115443096
0.21957119,0.11998949,0.1708849,0.33925438,0.19552782,0.345827,0.16782655,0.22939186,0.24469084,0.11692195,0.40963522,0.10235816,0.10117931,0.32930353,0.07113036,0.2057235,0.23903084,0.08795802,0.18052296,0.12327209
0.20422806,0.12559132,0.17319374,0.31102237,0.19226843,0.35120332,0.16729498,0.22160903,0.23732488,0.11579677,0.39477995,0.12254867,0.09417589,0.31841293,0.07290813,0.20625544,0.27200276,0.08899565,0.1918232,0.13856451
0.20422806,0.16374506,0.1625049,0.31102237,0.19226843,0.32102063,0.15999484,0.22160903,0.23732488,0.13963753,0.40230298,0.12254867,0.09417589,0.27782297,0.078104325,0.20625544,0.27200276,0.09777379,0.19709297,0.13856451
0.20422806,0.14365381,0.12321414,0.31102237,0.19226843,0.25014567,0.13014543,0.22160903,0.23732488,0.30332905,0.49074513,0.12254867,0.09417589,0.21442042,0.08895544,0.20625544,0.27200276,0.08845105,0.16693987,0.13856451
0.20422806,0.07883956,0.08853437,0.31102237,0.19226843,0.14439593,0.07940554,0.22160903,0.23732488,0.5753553,0.62436336,0.12254867,0.09417589,0.13208929,0.089939795,0.20625544,0.27200276,0.06931994,0.1177569,0.13856451
0.20422806,0.07547681,0.08435883,0.31102237,0.19226843,0.13852242,0.07734105,0.22160903,0.23732488,0.5869116,0.6320718,0.12254867,0.09417589,0.12919681,0.08998163,0.20625544,0.27200276,0.06989236,0.116246715,0.13856451
0.20422806,0.07203609,0.080128185,0.31102237,0.19226843,0.13026601,0.07403215,0.22160903,0.23732488,0.5992622,0.6413816,0.12254867,0.09417589,0.12771508,0.090152025,0.20625544,0.27200276,0.070720635,0.114306,0.13856451
0.20422806,0.0684629,0.07597661,0.31102237,0.19226843,0.12071547,0.06931871,0.22160903,0.23732488,0.6123149,0.6515975,0.12254867,0.09417589,0.12711757,0.090517685,0.20625544,0.27200276,0.07138918,0.112589486,0.13856451
0.20422806,0.0646221,0.07103674,0.31102237,0.19226843,0.111569025,0.06366005,0.22160903,0.23732488,0.62580436,0.6624482,0.12254867,0.09417589,0.12657863,0.09125037,0.20625544,0.27200276,0.07142586,0.111604616,0.13856451
0.20422806,0.060419355,0.06486023,0.31102237,0.19226843,0.104313135,0.057903253,0.22160903,0.23732488,0.6394202,0.67359453,0.12254867,0.09417589,0.12527551,0.09249345,0.20625544,0.27200276,0.07057182,0.111148536,0.13856451
0.20422806,0.055837106,0.058810823,0.31102237,0.19226843,0.0992234,0.052805297,0.22160903,0.23732488,0.6533966,0.6838618,0.12254867,0.09417589,0.12255887,0.09417276,0.20625544,0.27200276,0.068984,0.11034936,0.13856451
0.20422806,0.050943464,0.05403614,0.31102237,0.19226843,0.09533865,0.04882154,0.22160903,0.23732488,0.6684536,0.6929104,0.12254867,0.09417589,0.11811302,0.09604269,0.20625544,0.27200276,0.0671513,0.10818924,0.13856451
0.20422806,0.045791753,0.04923238,0.31102237,0.19226843,0.09127812,0.045996275,0.22160903,0.23732488,0.6851984,0.70247394,0.12254867,0.09417589,0.112010896,0.09790158,0.20625544,0.27200276,0.0657208,0.10439583,0.13856451
0.20422806,0.040388413,0.04363839,0.31102237,0.19226843,0.086236924,0.044103667,0.22160903,0.23732488,0.70381355,0.7133892,0.12254867,0.09417589,0.10459988,0.0994941,0.20625544,0.27200276,0.06496121,0.099374615,0.13856451
0.20422806,0.034684222,0.037389465,0.31102237,0.19226843,0.08007686,0.042842828,0.22160903,0.23732488,0.72405946,0.72537667,0.12254867,0.09417589,0.09642642,0.100705706,0.20625544,0.27200276,0.064753056,0.09368534,0.13856451
0.20422806,0.02863185,0.030663524,0.31102237,0.19226843,0.073103756,0.041918546,0.22160903,0.23732488,0.74540985,0.7376412,0.12254867,0.09417589,0.08809813,0.10163859,0.20625544,0.27200276,0.06475644,0.088138096,0.13856451
0.20422806,0.02863185,0.05007445,0.31102237,0.19226843,0.073103756,0.04598109,0.22160903,0.23732488,0.74540985,0.6904342,0.12254867,0.09417589,0.08809813,0.09424814,0.20625544,0.27200276,0.06475644,0.119262114,0.13856451
0.20422806,0.02863185,0.04995623,0.31102237,0.19226843,0.073103756,0.050056837,0.22160903,0.23732488,0.74540985,0.66908514,0.12254867,0.09417589,0.08809813,0.09126694,0.20625544,0.27200276,0.06475644,0.13963488,0.13856451
0.20422806,0.02863185,0.0572857,0.31102237,0.19226843,0.073103756,0.05703161,0.22160903,0.23732488,0.74540985,0.6263756,0.12254867,0.09417589,0.08809813,0.08590013,0.20625544,0.27200276,0.06475644,0.17340693,0.13856451
0.20422806,0.02863185,0.15321377,0.31102237,0.19226843,0.073103756,0.11232563,0.22160903,0.23732488,0.74540985,0.28061336,0.12254867,0.09417589,0.08809813,0.06654865,0.20625544,0.27200276,0.06475644,0.38729858,0.13856451
0.20422806,0.02863185,0.14289196,0.31102237,0.19226843,0.073103756,0.10505265,0.22160903,0.23732488,0.74540985,0.3433464,0.12254867,0.09417589,0.08809813,0.06232022,0.20625544,0.27200276,0.06475644,0.3463888,0.13856451
0.20422806,0.02863185,0.12372094,0.31102237,0.19226843,0.073103756,0.092707925,0.22160903,0.23732488,0.74540985,0.4403134,0.12254867,0.09417589,0.08809813,0.053467687,0.20625544,0.27200276,0.06475644,0.28979006,0.13856451
0.20422806,0.02863185,0.10461613,0.31102237,0.19226843,0.073103756,0.08089173,0.22160903,0.23732488,0.74540985,0.5348148,0.12254867,0.09417589,0.08809813,0.044378612,0.20625544,0.27200276,0.06475644,0.23529877,0.13856451
0.20422806,0.08061107,0.09098178,0.31102237,0.19226843,0.22134288,0.072019726,0.22160903,0.23732488,0.34700748,0.6069112,0.12254867,0.09417589,0.15897481,0.037594926,0.20625544,0.27200276,0.19206376,0.19249241,0.13856451
0.20422806,0.0871387,0.08321475,0.31102237,0.19226843,0.21949206,0.066976026,0.22160903,0.23732488,0.34142327,0.6528099,0.12254867,0.09417589,0.16176543,0.033776443,0.20625544,0.27200276,0.19018054,0.16322288,0.13856451
0.20422806,0.09367158,0.080332436,0.31102237,0.19226843,0.22838314,0.06553423,0.22160903,0.23732488,0.32239345,0.67636484,0.12254867,0.09417589,0.16961348,0.032874573,0.20625544,0.27200276,0.18593836,0.1448939,0.13856451
0.20422806,0.101551354,0.08117991,0.31102237,0.19226843,0.2404501,0.06696298,0.22160903,0.23732488,0.2986679,0.68293285,0.12254867,0.09417589,0.17696227,0.034515347,0.20625544,0.27200276,0.18236838,0.1344089,0.13856451
0.20422806,0.10845385,0.08430177,0.31102237,0.19226843,0.25101882,0.070136264,0.22160903,0.23732488,0.27735013,0.6786496,0.12254867,0.09417589,0.18114428,0.037870485,0.20625544,0.27200276,0.18203291,0.12904187,0.13856451
0.20422806,0.115170896,0.08880455,0.31102237,0.19226843,0.25848413,0.07368113,0.22160903,0.23732488,0.2606753,0.6693584,0.12254867,0.09417589,0.18249768,0.04176057,0.20625544,0.27200276,0.18317197,0.12639536,0.13856451
0.20422806,0.122507036,0.093887135,0.31102237,0.19226843,0.26275656,0.07644418,0.22160903,0.23732488,0.2484868,0.65982497,0.12254867,0.09417589,0.18314835,0.045155115,0.20625544,0.27200276,0.18310125,0.124688596,0.13856451
0.20422806,0.12929569,0.098891445,0.31102237,0.19226843,0.26502872,0.07823832,0.22160903,0.23732488,0.23958072,0.6520753,0.12254867,0.09417589,0.18536569,0.047679942,0.20625544,0.27200276,0.18072918,0.12311497,0.13856451
0.20422806,0.13712794,0.08070694,0.31102237,0.19226843,0.26539275,0.08073356,0.22160903,0.23732488,0.23256904,0.6791425,0.12254867,0.09417589,0.1892181,0.050933033,0.20625544,0.27200276,0.17569217,0.10848398,0.13856451
0.13767095,0.1405526,0.065221585,0.31102237,0.37736088,0.26650265,0.08228338,0.22160903,0.14664562,0.22774836,0.70151955,0.12254867,0.19761966,0.19469114,0.053538784,0.20625544,0.14070289,0.17050526,0.097436704,0.13856451
0.15195554,0.14356099,0.06229442,0.3821975,0.374109,0.26781818,0.08295299,0.38137808,0.1422135,0.22360396,0.71134347,0.029987333,0.20297645,0.19980912,0.0553474,0.16521907,0.12874551,0.16520774,0.08806174,0.041218005
0.16972518,0.14649415,0.059189323,0.38530514,0.37033305,0.26965272,0.08485807,0.38072357,0.13734873,0.21992007,0.7177561,0.028266022,0.20313166,0.20380418,0.05773008,0.16638143,0.11946137,0.16012888,0.08046642,0.039323833
