0.1460581,0.14776872,0.22643462,0.23179409

0.14295048,0.13844033,0.22808264,0.22722155

0.14386468,0.13467455,0.23049253,0.22694305

0.14436235,0.13437708,0.24180494,0.22585033

0.14213015,0.1364099,0.25426376,0.22552471

0.145742,0.14192003,0.2663174,0.22590485

0.14818853,0.14769554,0.2837918,0.22976372

0.14492589,0.14544183,0.291556,0.23523611

0.14192748,0.1360469,0.28951472,0.242198

0.14116466,0.1268095,0.2814475,0.24514

0.1433523,0.12735346,0.27282077,0.24511388

0.14795879,0.12897724,0.2548054,0.24418159

0.15481248,0.14545527,0.23705286,0.25465026

0.18348277,0.18036914,0.22595781,0.26632065

0.20830482,0.21603137,0.2197824,0.27596352

0.21645658,0.2306605,0.21620798,0.28227183

0.21511747,0.23236144,0.21250848,0.2858312

0.21466061,0.2325224,0.21458153,0.28650606

0.20983052,0.23276207,0.21698748,0.28476438

0.21147999,0.2312413,0.21813026,0.2685547

0.2243323,0.22258982,0.21754315,0.24137695

0.22770877,0.21657044,0.21513957,0.22043717

0.22505397,0.21872824,0.21090157,0.220246

0.22491021,0.22113945,0.20741794,0.22691196

0.22604758,0.223947,0.19954653,0.23187461

0.22761704,0.22753355,0.18297523,0.22850366

0.22888276,0.22644328,0.16754112,0.23348182

0.22962211,0.22390094,0.180252,0.23677039

0.23049605,0.22488427,0.1987724,0.2400339

0.2322394,0.22663851,0.21653335,0.24105383

0.23975238,0.21464644,0.23293407,0.24858163

0.22579555,0.18779556,0.2537819,0.25599784

0.21943165,0.17185214,0.26575318,0.26413533

0.21741289,0.16124672,0.27352735,0.2590086

0.22093017,0.17322496,0.28415188,0.2576115

0.22589043,0.18232942,0.29173905,0.25562125

0.23529293,0.18419316,0.3026296,0.2492782

0.24540138,0.1857645,0.30196008,0.24227124

0.25328794,0.18413639,0.3070779,0.24263057

0.2602334,0.16861011,0.31536317,0.24655373

0.27479956,0.15826882,0.33683634,0.2532229

0.2746415,0.14946607,0.3582649,0.2553547

0.2723989,0.14331657,0.3791471,0.27206808

0.26447612,0.1389089,0.39470848,0.29000768

0.259789,0.13390975,0.40713158,0.30163765

0.24772839,0.13456996,0.41425946,0.31076938

0.22233583,0.13854386,0.40909135,0.31903052

0.2156471,0.14421846,0.37757722,0.31953993

0.22859326,0.14499937,0.3241246,0.30355477

0.2383034,0.13970773,0.32149,0.2866259

0.23824877,0.1457296,0.32306376,0.2708014

0.23770009,0.1541964,0.33586597,0.266695

0.2352441,0.1610943,0.34025532,0.2603767

0.24775559,0.15776344,0.33637872,0.24982673

0.24588123,0.1584845,0.33967113,0.24803315

0.24278866,0.15115227,0.32104257,0.24088022

0.23789108,0.13888618,0.26859707,0.23187515

0.23593952,0.12084651,0.19802895,0.22774005

0.23674177,0.10096421,0.14490393,0.22212966

0.24117339,0.08547327,0.10841895,0.21397905

0.24845633,0.0755741,0.088336594,0.20456374

0.25556427,0.07144174,0.07816542,0.19972852

0.2586036,0.069182985,0.07345371,0.1864614

0.25465536,0.071709774,0.07166171,0.16468577

0.2364487,0.075468525,0.07115875,0.141003

0.2364487,0.07677452,0.071162015,0.141003

0.2364487,0.07763786,0.071130246,0.141003

0.2364487,0.0793566,0.06684422,0.141003

0.2364487,0.07896722,0.05992937,0.141003

0.16137683,0.07880628,0.052319456,0.15879202

0.19977574,0.08176607,0.047068123,0.16025378

0.25044054,0.0856953,0.045265786,0.17080487

0.2885109,0.094552,0.049010344,0.1813496

0.2976164,0.10983604,0.056867763,0.19516289

0.2987248,0.1326835,0.07099179,0.20933755

0.30025738,0.161485,0.09120173,0.22668193

0.3028863,0.18800871,0.10734995,0.23866796

0.3063876,0.20360053,0.121482834,0.245161

0.31114948,0.20403592,0.137754,0.24706042

0.32236847,0.19779165,0.14067616,0.24867041

0.33281887,0.18318765,0.15428895,0.24917707

0.3365951,0.16853383,0.155359,0.23186487

0.3380738,0.1638227,0.16450183,0.23075533

0.34017375,0.1677964,0.17200895,0.23281027

0.3430006,0.17270665,0.17952259,0.236198

0.3454297,0.17146102,0.18285567,0.24025495

0.3459696,0.16852824,0.18804264,0.24422927

0.34340924,0.1681467,0.19517194,0.24748848

0.31891882,0.16119324,0.20285453,0.24156898

0.2755329,0.15238799,0.20946234,0.22780612

0.25014436,0.15652911,0.2173222,0.21558774

0.24594447,0.16712525,0.22536069,0.20966826

0.24365704,0.17856883,0.22778194,0.2101046

0.24015081,0.19388887,0.2271276,0.21052821

0.23612906,0.21069847,0.22479093,0.21228293

0.2246389,0.2112241,0.22300643,0.21667352

0.20029698,0.20811918,0.20823373,0.2212312

0.1961758,0.19901924,0.19366065,0.2311552

0.22702348,0.1911936,0.1911081,0.24233802

0.26191908,0.19168916,0.18355937,0.24477842

0.2774238,0.19450532,0.17296779,0.2566144

0.28349212,0.19717456,0.16633064,0.2712627

0.28826186,0.19856094,0.16583772,0.2732202

0.29391783,0.19873524,0.1655183,0.27069306

0.30020297,0.19793347,0.1639287,0.2686655

0.30498812,0.1960611,0.15595771,0.2619545

0.30845165,0.1884534,0.15097252,0.26101536

0.31285974,0.17433758,0.14899553,0.25357705

0.31490105,0.16255005,0.14097652,0.25155228

0.31889722,0.16239241,0.13394532,0.24836728

0.32577217,0.15862049,0.13174765,0.24551913

0.33656123,0.1538854,0.1313038,0.24217437

0.34505287,0.16131042,0.13115232,0.24373524

0.3518199,0.18371497,0.13769825,0.24676089

0.34877476,0.19530605,0.15179974,0.24539043

0.31927165,0.19878928,0.15919136,0.23889521

0.27037156,0.1920315,0.1589657,0.23529336

0.2408497,0.17552347,0.15628451,0.22862284

0.2175693,0.16148663,0.14665662,0.20766023

0.1904158,0.15609092,0.13574338,0.1864967

0.16750085,0.16350901,0.12572506,0.17093499

0.17045912,0.18526332,0.11503766,0.16513978

0.17602894,0.22245145,0.117332585,0.18403448

0.17396003,0.2528695,0.121310465,0.19486646

0.16809294,0.26722306,0.13563146,0.19133422

0.16920559,0.26823714,0.16425464,0.18424025

0.17018215,0.2612234,0.20008641,0.1825728

0.17070863,0.25255993,0.2199232,0.17936525

0.18057176,0.24338365,0.2404158,0.17344014

0.19266379,0.23294958,0.26241824,0.16771121

0.19602574,0.22514467,0.279175,0.16324767

0.20287308,0.22018594,0.29610273,0.17674686

0.21588427,0.22010276,0.3135671,0.19878776

0.22988628,0.22762962,0.3270965,0.22289304

0.24925417,0.23964454,0.34039176,0.24211346

0.26950753,0.2501165,0.35100377,0.24769178

0.2725716,0.25927714,0.35807624,0.25416633

0.26977473,0.26340792,0.36206436,0.26211363

0.26336643,0.2641537,0.3637218,0.26243815

0.25888562,0.24650057,0.3632617,0.2539564

0.25320655,0.2163777,0.36057925,0.25028324

0.2546937,0.19458549,0.35592952,0.25479788

0.26186168,0.17995654,0.34265205,0.26963037

0.28054163,0.17200409,0.32756162,0.2942883

0.3001368,0.1626553,0.30120376,0.32766128

0.31744668,0.14676438,0.2645274,0.35415322

0.32121456,0.13976775,0.23312764,0.36187315

0.32162428,0.14102939,0.21917936,0.36064965

0.32263345,0.14794187,0.20859516,0.35186642

0.32235593,0.15983185,0.21901095,0.34040374

0.32209057,0.17974895,0.23641668,0.3309619

0.305257,0.18707207,0.242071,0.31779268

0.2883268,0.17902306,0.24292329,0.30710024

0.29356554,0.16702239,0.24376634,0.2974665

0.29985303,0.17054333,0.24448664,0.29034787

0.3022643,0.18515648,0.24743421,0.277584

0.3016897,0.191876,0.25573543,0.276443

0.3028127,0.19259074,0.26713434,0.26709342

0.3000496,0.21392831,0.27431515,0.31795266

0.33605605,0.26040584,0.29519996,0.37748966

0.3577442,0.30479214,0.32234246,0.38632974

0.33658224,0.34404513,0.3116094,0.3507627

0.280554,0.35242668,0.2745045,0.29100782
a	
0.23019636,0.3309624,0.23511286,0.24612902

0.20199732,0.31374407,0.21110816,0.21963559
b	
0.18734731,0.30595177,0.1985612,0.20540431

0.17983136,0.30347738,0.1914632,0.19764696
a	
0.17528674,0.302952,0.18590297,0.19241683

0.17210497,0.30416223,0.18065195,0.1883903

0.16970819,0.30725303,0.17578968,0.18526714

0.16812195,0.30892676,0.17151883,0.18305333
a	
0.16727048,0.31068516,0.16778697,0.18154535
a	
0.16713607,0.31099778,0.16478866,0.18069336

0.16844028,0.31191537,0.16345347,0.18127614

0.17354043,0.3180865,0.16575308,0.18555589
a	
0.18626574,0.333387,0.17453642,0.1969507
a	
0.21143733,0.35843226,0.19265704,0.212338

0.22963376,0.3914464,0.20019358,0.20994179

0.22068666,0.40739632,0.19469598,0.18629645

0.19102913,0.39500552,0.17855428,0.17281327

0.17543592,0.3670002,0.16280873,0.1853139

0.16531873,0.3317108,0.1618617,0.18943264

0.16158937,0.31921396,0.17051066,0.19175126

0.1575106,0.32118925,0.17814098,0.18842055

0.15767385,0.32895926,0.18874772,0.19083379

0.15398185,0.3391158,0.203417,0.20408437

0.13910124,0.34010103,0.21934888,0.21978864

0.124295786,0.33746952,0.23889741,0.23210794

0.111382596,0.32944122,0.25584412,0.24384563

0.10524628,0.31495833,0.2889529,0.25739682

0.10909647,0.31181726,0.31797004,0.27317894

0.1203926,0.31541133,0.3348863,0.28843176

0.13087131,0.31606293,0.3440661,0.29216745

0.14440145,0.31782046,0.34638202,0.2914303

0.15474433,0.32306156,0.34017107,0.27923667

0.1716732,0.3319225,0.33129007,0.25916225

0.18895276,0.3403298,0.32388422,0.23501931

0.2039994,0.34404123,0.3171215,0.22861305

0.20283015,0.33744165,0.31195924,0.22911415

0.20085615,0.3264378,0.30641046,0.22856069

0.20069046,0.305198,0.2993977,0.22812346

0.20264056,0.27073964,0.28924435,0.23780939

0.20608766,0.22696069,0.28034487,0.24661049

0.20977132,0.19970836,0.2793725,0.24298634

0.21172851,0.19936544,0.27637738,0.23080462

0.20642118,0.20975733,0.2713506,0.22523679

0.20172419,0.21251555,0.25923172,0.22460158

0.20213012,0.20769061,0.23202756,0.2163702

0.20450206,0.22061066,0.22675505,0.20586711

0.22104819,0.2527892,0.22269925,0.20082472

0.24227902,0.2768563,0.21445881,0.22575045

0.26028138,0.28432164,0.2039688,0.2735301

0.28529486,0.2834952,0.20407,0.32651135

0.28827152,0.2854229,0.20214505,0.35812804

0.27990407,0.2859875,0.19460377,0.37371913

0.27461454,0.28778374,0.18164179,0.3833641

0.27194795,0.2910818,0.16797829,0.38163704

0.26661602,0.2960235,0.15613958,0.3733824

0.26083177,0.3023999,0.15635735,0.35895503

0.25697795,0.30982864,0.15912728,0.34382123

0.25563124,0.3128113,0.16110502,0.33400032

0.26205322,0.3087712,0.16336355,0.33250195

0.27185917,0.3043124,0.16313674,0.3333489

0.28673756,0.29594043,0.15322877,0.33380476

0.3048333,0.28947145,0.13833842,0.3399579

0.3151527,0.28419495,0.12723109,0.34494698

0.31241253,0.26589268,0.1220588,0.3484911

0.3066529,0.23130502,0.11721238,0.34946722

0.2878661,0.18689272,0.11942472,0.3381323

0.26153553,0.17987745,0.12063402,0.32697102

0.25737756,0.17218406,0.121933155,0.30039233

0.26974496,0.16451944,0.12687534,0.25477633

0.28426287,0.14549246,0.13418528,0.2109387

0.29635668,0.1278295,0.1441896,0.20786151

0.30366182,0.14562853,0.14720884,0.20799749

0.30996525,0.15720356,0.1440556,0.20203765

0.31140235,0.19123231,0.14027593,0.19267027

0.30966648,0.21957032,0.13720965,0.19073522

0.3109796,0.23324278,0.13862544,0.19417867

0.31311494,0.23855387,0.1470316,0.20386443

0.3097362,0.24088077,0.16598885,0.22227615

0.29315642,0.24383575,0.18557502,0.23610568

0.26047128,0.24345483,0.1994769,0.23271598

0.24198776,0.24402271,0.2106459,0.22950517

0.24209626,0.24202842,0.21288563,0.23655409

0.23618263,0.2377974,0.20905676,0.24846084

0.23256385,0.23098655,0.20500812,0.2558329

0.22953866,0.22316596,0.19664863,0.26306838

0.22726339,0.21663179,0.18987787,0.27016383

0.22635908,0.213038,0.18057759,0.27780217

0.22660653,0.2191112,0.17507114,0.2916299

0.22632682,0.2262827,0.17360188,0.30655575

0.21882516,0.2294217,0.17588985,0.3207219

0.20581147,0.2188326,0.17744975,0.32839063

0.18913905,0.19418977,0.1782026,0.32622322

0.17788097,0.17366947,0.17954129,0.31416774

0.18152231,0.16107851,0.1809799,0.29094094

0.1894838,0.15815333,0.17369878,0.27141976

0.18549262,0.15140675,0.1650843,0.26144084

0.197988,0.15220907,0.1667899,0.2657588

0.21498704,0.15505558,0.17894623,0.27908194

0.22518878,0.1598828,0.20778076,0.2849461

0.22745939,0.16552754,0.24664496,0.2806365

0.23178163,0.17047252,0.27336127,0.29392198

0.2390391,0.17399989,0.28378862,0.30663893

0.2474675,0.17669196,0.2920631,0.30405635

0.25763527,0.17089376,0.30260202,0.28696832

0.26890594,0.14810483,0.3074544,0.27911252

0.29117134,0.11875703,0.30710122,0.2800312

0.32491615,0.10515429,0.3012307,0.28774923

0.35256696,0.11558457,0.29174423,0.298162

0.36897197,0.13757856,0.28136495,0.30970904

0.37543896,0.17149532,0.27219477,0.3216742

0.3791601,0.21441098,0.264333,0.32760862

0.3881533,0.22951134,0.2566777,0.33388802

0.38690102,0.2289912,0.24544875,0.33255422

0.37907633,0.22979692,0.22694413,0.32412627

0.35744625,0.23656948,0.22755578,0.30083835

0.33219114,0.24262369,0.21634018,0.27906653

0.3205452,0.24734011,0.18774863,0.25427

0.32407454,0.250536,0.1776921,0.2479702

0.3422727,0.25094104,0.17650433,0.23229635

0.35109994,0.2517913,0.18110438,0.23155971

0.35992357,0.25375095,0.20735842,0.3072122

0.36753792,0.25898075,0.23764662,0.38011932

0.35909545,0.2746213,0.2576279,0.41083932

0.33574608,0.30914468,0.265324,0.40548337

0.31314912,0.32930574,0.27344579,0.3865407

0.30547154,0.3336625,0.2835136,0.3719642

0.3044052,0.32033,0.2962496,0.36741632

0.3082852,0.2983996,0.312808,0.3699498

0.31501907,0.29237235,0.3324259,0.37088066

0.32230988,0.29227436,0.35110262,0.3729995

0.32805106,0.2974021,0.3578004,0.37486747

0.33114848,0.30041945,0.35710743,0.37568435

0.33190092,0.31050324,0.3606996,0.37543836

0.3150523,0.32069242,0.3606254,0.37588763

0.3018349,0.32310215,0.35529667,0.37769032

0.30429438,0.31611454,0.34390786,0.38247886

0.302398,0.3148541,0.3265859,0.39197084

0.30050322,0.31312725,0.3068529,0.40276825

0.27634788,0.31264412,0.27175415,0.39699897

0.26113066,0.31364372,0.23073447,0.3754384

0.25260323,0.30044022,0.19903009,0.3571045

0.28096905,0.26970044,0.18798195,0.36866874

0.33425012,0.27319065,0.19143824,0.3864597

0.39264303,0.2945126,0.1967541,0.4099325

0.43099162,0.31016028,0.19684848,0.44242314

0.44291908,0.31372312,0.18570764,0.45904225

0.44584137,0.3063832,0.1644866,0.46417812

0.450448,0.301334,0.1588452,0.4649778

0.4534783,0.30002746,0.17076705,0.4688228

0.4554089,0.30006635,0.18269739,0.47224668

0.45757747,0.30335537,0.190486,0.47061372

0.4583868,0.30292228,0.19313425,0.46376443

0.45684877,0.30093977,0.19727655,0.4540666

0.45276716,0.29849327,0.20107675,0.44773808

0.44707504,0.29549107,0.20396155,0.43800914

0.44070068,0.2926628,0.21212012,0.42066374

0.43407342,0.29133177,0.21362214,0.41253498

0.42707312,0.29230526,0.21033739,0.40984842

0.41556662,0.29435742,0.2064967,0.39759964

0.38941407,0.29441285,0.20257439,0.38424256

0.3505449,0.28823945,0.19892688,0.3652223

0.31569847,0.28037682,0.1937285,0.34787428

0.3009121,0.27545598,0.19036613,0.3295465

0.29801503,0.2728776,0.19188507,0.31421244

0.2911111,0.27036938,0.19141711,0.30363733

0.2813481,0.25849023,0.19092615,0.28777474

0.28058952,0.24212392,0.17757046,0.27457595

0.27808636,0.2170063,0.17526348,0.2576162

0.27885887,0.18963817,0.17798999,0.24291591

0.277485,0.17389536,0.17853265,0.22299045

0.26933077,0.17508277,0.1695329,0.20985745

0.2598141,0.17239897,0.16169022,0.20139322

0.25307292,0.17088132,0.14076965,0.1948443

0.25089502,0.16885789,0.13056432,0.19352502

0.25276405,0.16815142,0.13319458,0.19767685

0.25403723,0.17220007,0.13401245,0.21204141

0.2551553,0.17279826,0.13565658,0.22075637

0.23982446,0.17318076,0.138873,0.22557817

0.213561,0.16969699,0.13548,0.22538927

0.19488586,0.1699119,0.1277864,0.2241739

0.18248053,0.17960441,0.12207712,0.2173112

0.17589688,0.18077959,0.12972727,0.21895595

0.17109995,0.18295068,0.14393432,0.21631145

0.16375746,0.18582442,0.16265623,0.21631438

0.15505208,0.18945646,0.18441719,0.2206199

0.14370134,0.19534446,0.19513592,0.23495722

0.14159425,0.19691741,0.19227675,0.25313786

0.1495291,0.1939231,0.19084789,0.2654657

0.16354822,0.19077729,0.20285016,0.2692076

0.181547,0.1884943,0.20569007,0.26310763

0.19372462,0.1809013,0.20638254,0.26372486

0.21136482,0.17372024,0.20648141,0.26459476

0.22660285,0.16572542,0.20254159,0.26211235

0.2490157,0.17719547,0.1945216,0.25620946

0.28252733,0.1879697,0.19110037,0.24808986

0.31941855,0.21071744,0.1872354,0.26236403

0.33036372,0.23008627,0.17986874,0.30147246

0.30373734,0.27595824,0.16370913,0.3255307

0.26504704,0.3059151,0.14612463,0.3170019

0.22088279,0.29983035,0.13748299,0.27946427

0.18322688,0.29665935,0.13147926,0.24082793

0.16269864,0.29335466,0.123811364,0.21933371

0.1532434,0.29403454,0.11887185,0.20957957

0.1496118,0.29969382,0.11604162,0.20599529

0.14805849,0.31791294,0.110785075,0.2044137

0.14685778,0.33214766,0.112719774,0.20979832

0.14557485,0.34092125,0.11663169,0.21852945

0.14429498,0.3416822,0.12943356,0.22346762

0.14311941,0.34467006,0.1420702,0.22553559

0.14227736,0.34903917,0.15067752,0.22715664

0.14258607,0.3543048,0.15015247,0.2301754

0.1458265,0.36099342,0.15054469,0.23771079

0.15033074,0.37061527,0.15419993,0.25515494

0.16286092,0.38090947,0.16047728,0.28890952

0.17651922,0.363309,0.17245649,0.32727423

0.18845242,0.32129037,0.18361121,0.35238495

0.18859778,0.27175215,0.19445808,0.3602409

0.17714648,0.24614072,0.1959933,0.38025343

0.16193806,0.24519248,0.19586523,0.38886404

0.15690225,0.24505104,0.19697937,0.3956897

0.1428388,0.24620937,0.19590932,0.40189126

0.145565,0.25064093,0.1992949,0.40035945

0.17734043,0.24316348,0.2006826,0.38662824

0.20519346,0.21936454,0.20290256,0.35956863

0.22374009,0.18974541,0.20094328,0.3274045

0.2393798,0.16980569,0.17798476,0.29466215

0.25000986,0.16610387,0.1482755,0.26568443

0.25430083,0.1606206,0.16352805,0.26631743

0.2575591,0.15687284,0.17335935,0.26509067

0.26007292,0.15240134,0.1838678,0.25902617

0.26781538,0.14826353,0.18930815,0.26787195

0.27893227,0.14404662,0.21580298,0.26455346

0.2882279,0.13844402,0.23284662,0.25699437

0.29243517,0.14223464,0.23953816,0.24724136

0.2975341,0.1456324,0.23814161,0.24176839

0.3039007,0.14402689,0.24295455,0.24055329

0.3102863,0.14023113,0.24940524,0.24303256

0.3275059,0.13464089,0.25468364,0.24542017

0.34551987,0.12172431,0.25867426,0.25103283

0.34979987,0.1061997,0.25781214,0.2552403

0.3546272,0.09478844,0.25688848,0.25735217

0.3554785,0.09088385,0.25598142,0.25135645

0.3585049,0.086557105,0.25445715,0.24331714

0.35000893,0.08090014,0.2524891,0.24238123

0.34439996,0.077639885,0.25108775,0.25496462

0.344488,0.07696533,0.25167364,0.27046967

0.35641572,0.081157476,0.255113,0.28558925

0.36203673,0.10085603,0.25527704,0.30479765

0.37844265,0.13107945,0.2511238,0.31006393

0.40068415,0.1569153,0.23127243,0.31051782

0.41104823,0.17089142,0.21462484,0.31249765

0.40539774,0.17698711,0.20748915,0.3118732

0.4002548,0.17954952,0.20672277,0.30511212

0.40939805,0.1796721,0.21158764,0.29406798

0.40891266,0.17977111,0.20572661,0.2801502

0.39934137,0.1777811,0.19475625,0.27961951

0.38525704,0.17327741,0.17920892,0.28590208

0.37327766,0.16900069,0.17938925,0.292154

0.37151587,0.16637605,0.19387437,0.28978723

0.3692305,0.16295835,0.20675282,0.26863584

0.36675757,0.15863678,0.20808722,0.26434743

0.36473265,0.15372711,0.20562409,0.25371414

0.3632944,0.14949282,0.2038961,0.24094434

0.3624535,0.14584891,0.20394883,0.23638402

0.36113122,0.13966821,0.20838752,0.24149798

0.35067716,0.13493809,0.21290225,0.24622019

0.32559922,0.1320282,0.2181893,0.24963868

0.29817703,0.13419586,0.22311783,0.25438187

0.26823273,0.13724805,0.2271871,0.2609301

0.25548026,0.13865717,0.23107551,0.2696495

0.24406393,0.137932,0.2338249,0.2799833

0.22824363,0.1440134,0.23388587,0.29034644

0.21181187,0.15015279,0.22934446,0.29724646

0.21506378,0.15533257,0.2503269,0.29533127

0.21833353,0.15782143,0.27880308,0.287928

0.21763822,0.15772797,0.28251702,0.29790065

0.21418561,0.1542458,0.2733403,0.31028318

0.2062391,0.15699345,0.27431384,0.29734942

0.18795246,0.15802267,0.27234083,0.2794118

0.16913651,0.14937553,0.27154338,0.2813656

0.15666914,0.1507239,0.26914698,0.27737963

0.15053955,0.15594329,0.26747587,0.26729268

0.15198784,0.16354364,0.26621538,0.25814027

0.15090574,0.17599718,0.2670634,0.2435078

0.15322074,0.19559127,0.26609752,0.228703

0.17937416,0.20169474,0.27395853,0.22958466

0.26075712,0.19735266,0.2782514,0.24050467

0.32327732,0.19273223,0.2787604,0.26660034

0.34119815,0.18807274,0.2713769,0.26959854

0.33273944,0.18325168,0.26406386,0.2552811

0.31686923,0.17752665,0.25540805,0.24339089

0.31119737,0.17879798,0.24023576,0.23697011

0.31196335,0.18673307,0.22166704,0.23519044

0.31544036,0.19721118,0.2020629,0.23884986

0.31192163,0.20770888,0.19817312,0.24571723

0.30588037,0.21334301,0.20509592,0.24089174

0.2992739,0.21933438,0.2070793,0.2358609

0.2944571,0.2254198,0.21260601,0.2326087

0.29274133,0.23188505,0.21468051,0.2316585

0.29485914,0.23738955,0.21726766,0.23309962

0.30258062,0.2550977,0.21804212,0.23836166

0.3192981,0.26749918,0.21853966,0.2506263

0.34735724,0.27363798,0.21476363,0.26830304

0.3779157,0.2794093,0.20435661,0.28519952

0.40090713,0.28324977,0.20768523,0.29741997

0.39670518,0.28341925,0.21746363,0.31438515

0.38854626,0.28015974,0.23498528,0.3180028

0.36903572,0.27630746,0.25717148,0.31569076

0.35204238,0.27513927,0.2844415,0.31502017

0.31967843,0.28502694,0.30659312,0.30392355

0.28494272,0.2877056,0.32895625,0.26380944

0.24629636,0.27305543,0.3380808,0.21775264

0.22611204,0.27358457,0.34042335,0.1993154

0.21189536,0.27619967,0.33416167,0.19626893

0.19889572,0.2791536,0.3277416,0.1967352

0.19440253,0.2727931,0.32832426,0.19333383

0.18804656,0.25779587,0.34486312,0.1910646

0.17970057,0.24766956,0.37911043,0.19065897

0.16587591,0.24700503,0.417491,0.19117174

0.1447985,0.24825092,0.43219063,0.18247424

0.13670707,0.25135887,0.42439047,0.17346475

0.1467771,0.25544524,0.41669336,0.17135376

0.15434684,0.25976434,0.40987858,0.18049663

0.1563429,0.26426736,0.40383002,0.19976531

0.16245697,0.2600729,0.39330533,0.2249361

0.1722466,0.253847,0.38125587,0.24238303

0.1823333,0.24905372,0.3753528,0.24965367

0.1951663,0.24869703,0.3688149,0.25696045

0.21405469,0.24887536,0.37230518,0.2657661

0.22010618,0.24618419,0.37546268,0.27744475

0.2277656,0.241318,0.37897658,0.28578475

0.23669074,0.23143785,0.38303763,0.29100972

0.24576333,0.22548942,0.38651007,0.291854

0.24617542,0.2123561,0.39050594,0.28965792

0.23758486,0.19673188,0.38279372,0.28379154

0.23274022,0.18262346,0.3579899,0.27815992

0.23298705,0.17735082,0.34155577,0.29089352

0.23233634,0.17772935,0.33594975,0.29551575

0.2282534,0.18048306,0.33973372,0.2913842

0.22425778,0.1789736,0.34750837,0.2782488

0.22077918,0.17472039,0.35714558,0.26070124

0.21571487,0.16528165,0.36674976,0.25003928

0.20321205,0.14585264,0.38098922,0.23984247

0.1883976,0.14318345,0.406218,0.25707245

0.1630937,0.14954618,0.41423592,0.27564284

0.14819892,0.15478863,0.43846694,0.2794777

0.14428362,0.15739514,0.46998835,0.2780315

0.1485924,0.15881741,0.4863958,0.2757614

0.1502285,0.15826389,0.48731992,0.27303296

0.15002336,0.15225953,0.48722273,0.27626774

0.15129755,0.14306152,0.4851509,0.3131272

0.15330091,0.14054346,0.4804657,0.33725357

0.15328136,0.14329366,0.47412434,0.3442447

0.1528774,0.14968073,0.4679148,0.35623157

0.14979014,0.15934718,0.46268183,0.3638858

0.15054281,0.16499718,0.45724127,0.36892414

0.15614541,0.17323585,0.4475204,0.37229264

0.16671777,0.1876782,0.43853676,0.37499642

0.18579528,0.19645506,0.42221966,0.37652263

0.21737067,0.20228265,0.40495694,0.37784135

0.23705302,0.20153596,0.3964811,0.3755618

0.24807046,0.1932735,0.3737562,0.37365296

0.25616747,0.18924421,0.34840488,0.37305173

0.25726587,0.18936643,0.31293008,0.37113896

0.25215513,0.19551896,0.29216847,0.36756173

0.25691786,0.19942586,0.27686387,0.3684601

0.2611812,0.20169479,0.27098912,0.3614886

0.26376936,0.19941299,0.27667707,0.33772916

0.26796544,0.18989578,0.28303006,0.31051907

0.27180487,0.18224993,0.28005025,0.30859295

0.27435058,0.18171665,0.27880278,0.303177

0.2744871,0.17797397,0.2792266,0.29976016

0.27247623,0.17289633,0.28115746,0.29658878

0.26830396,0.17079353,0.28440028,0.28571337

0.2652251,0.17143816,0.2893028,0.27148739

0.27173254,0.171812,0.29461756,0.24915525

0.28174,0.17028621,0.29751062,0.2270197

0.2938166,0.16845721,0.3050811,0.22194766

0.3047118,0.16519377,0.3242476,0.22908767

0.32124695,0.16875122,0.3396548,0.23549204

0.34952572,0.1651935,0.34863546,0.26708117

0.37091446,0.16718073,0.3622603,0.2952101

0.38732803,0.16875072,0.37914354,0.3065202

0.39988008,0.17401657,0.3953318,0.30544367

0.40109313,0.17839034,0.3813065,0.30444035

0.40116364,0.18770078,0.35743865,0.30062285

0.4016012,0.2010371,0.33645463,0.3033562

0.40237322,0.22182657,0.3284868,0.30803034

0.40437168,0.23574102,0.315034,0.31367543

0.39884624,0.24070528,0.3014785,0.3176486

0.38204443,0.23781973,0.2906635,0.3221602

0.3577171,0.23506716,0.2832172,0.32641304

0.33840385,0.23108648,0.2783736,0.33192393

0.32787463,0.22964181,0.26735774,0.33914098

0.31637138,0.22730768,0.2477748,0.34822777

0.3047092,0.22768311,0.2181946,0.3600329

0.29060894,0.22728981,0.2037885,0.37387472

0.29640102,0.22583993,0.18963844,0.378841

0.31982553,0.22859065,0.17370006,0.36017415

0.3243085,0.2317472,0.15807705,0.35409763

0.3257036,0.23271613,0.16545506,0.35327086

0.32439262,0.23059662,0.17803608,0.33998927

0.32488382,0.22115292,0.18759918,0.3300577

0.32756728,0.21458006,0.19362287,0.3220446

0.33204645,0.21855694,0.19927457,0.3094267

0.34189498,0.21612777,0.20511235,0.2993506

0.35781932,0.20479748,0.20958672,0.2927093

0.37211883,0.19694363,0.2112286,0.28522483

0.384942,0.2014107,0.20957589,0.28085548

0.39300787,0.20824498,0.20614317,0.28129643

0.39685732,0.21209231,0.20300925,0.28176263

0.40025157,0.21395732,0.20141602,0.27961484

0.40092304,0.21217072,0.20021735,0.2766265

0.3966143,0.20359123,0.20588659,0.2745371

0.37582055,0.18791746,0.21182007,0.27992648

0.34629267,0.1691609,0.20988214,0.2726235

0.30095986,0.15385276,0.1988705,0.26441

0.2586164,0.14570117,0.19157074,0.249174

0.25668776,0.13788408,0.18503478,0.24343796

0.25278696,0.13320827,0.17936017,0.2473915

0.25364643,0.1302975,0.16899157,0.25492242

0.25238928,0.12313255,0.16479109,0.2621274

0.2417293,0.10868324,0.17423831,0.27278632

0.22109006,0.09172861,0.17648993,0.29420683

0.19466501,0.08476012,0.17797676,0.30672327

0.16926238,0.081788614,0.18341175,0.30793002

0.15705404,0.07715546,0.21011668,0.30155948

0.15486819,0.08261605,0.23653065,0.29623693

0.15970103,0.08979669,0.25587404,0.29405558

0.1759229,0.095910616,0.26489297,0.30480713

0.20883255,0.129682,0.26904327,0.3325282

0.243299,0.1676416,0.26490778,0.36128768

0.2647414,0.19037737,0.25744262,0.38218707

0.29143804,0.19828129,0.2580931,0.40273193

0.31424984,0.20626564,0.26155186,0.40877917

0.33766773,0.21590123,0.26503214,0.40793705

0.35690054,0.21780403,0.2656632,0.4110406

0.37081042,0.2262661,0.26422873,0.4169304

0.38049862,0.23282011,0.25576934,0.4214564

0.39519912,0.2355845,0.24534436,0.421474

0.41439676,0.23935822,0.24169174,0.41787738

0.4357705,0.24408239,0.23999591,0.4059803

0.45482323,0.24930562,0.24030136,0.39151153

0.46869478,0.25381792,0.24086925,0.3782441

0.4748162,0.25278163,0.22857445,0.37537792

0.46966258,0.24756108,0.2028756,0.3713292

0.45888868,0.24164486,0.18724266,0.35982698

0.44340676,0.2237676,0.1992394,0.34293315

0.4150417,0.20291628,0.20361541,0.32699695

0.36409765,0.19427493,0.20324357,0.31195262

0.31906006,0.20001316,0.20381677,0.28636226

0.29699245,0.19819663,0.20107377,0.27161488

0.27682137,0.19217382,0.19955532,0.260635

0.24852808,0.18599749,0.19852991,0.25848264

0.22629075,0.18273912,0.21173817,0.24188763

0.22746135,0.17841165,0.22708659,0.22839189

0.22997521,0.17370425,0.23196097,0.2097725

0.22868569,0.16933344,0.22704348,0.182939

0.22676702,0.16553369,0.22483376,0.16817698

